,,,,,,,Playing Time,Playing Time,Playing Time,Playing Time,Performance,Performance,Performance,Performance,Performance,Performance,Performance,Performance,Per 90 Minutes,Per 90 Minutes,Per 90 Minutes,Per 90 Minutes,Per 90 Minutes,,-additional
Rk,Player,Nation,Pos,Squad,Age,Born,MP,Starts,Min,90s,Gls,Ast,G+A,G-PK,PK,PKatt,CrdY,CrdR,Gls,Ast,G+A,G-PK,G+A-PK,Matches,-9999
1,Paxten Aaronson,us USA,MF,Colorado Rapids,22-357,2003,19,17,1526,17.0,4,5,9,4,0,0,1,0,0.24,0.29,0.53,0.24,0.53,Matches,4cd41883
2,Liel Abada,il ISR,MFFW,Charlotte,24-319,2001,13,8,640,7.1,2,3,5,1,1,1,2,0,0.28,0.42,0.70,0.14,0.56,Matches,1339039e
3,Ezequiel Abadia-Reda,us USA,DF,Inter Miami,20-178,2006,3,0,39,0.4,0,0,0,0,0,0,0,0,0.00,0.00,0.00,0.00,0.00,Matches,629aac47
4,Wessam Abou Ali,ps PLE,FW,Columbus Crew,27-226,1999,7,7,565,6.3,5,1,6,5,0,1,1,0,0.80,0.16,0.96,0.80,0.96,Matches,a06467dc
5,Lalas Abubakar,gh GHA,DF,FC Dallas,31-236,1994,2,2,143,1.6,1,0,1,1,0,0,1,0,0.63,0.00,0.63,0.63,0.63,Matches,4a67f05b
6,Elias Achouri,tn TUN,FWMF,San Diego FC,27-189,1999,1,0,38,0.4,0,0,0,0,0,0,0,0,0.00,0.00,0.00,0.00,0.00,Matches,4dd2a0be
7,Bryan Acosta,hn HON,MF,Nashville SC,32-267,1993,11,7,600,6.7,2,1,3,2,0,0,2,0,0.30,0.15,0.45,0.30,0.45,Matches,c5f400f4
8,Chase Adams,us USA,FW,Columbus Crew,18-123,2008,4,1,60,0.7,1,0,1,1,0,0,0,0,1.50,0.00,1.50,1.50,1.50,Matches,f63e3ee3
9,Sam Adekugbe,ca CAN,DFMF,Vancouver,31-214,1995,1,0,1,0.0,0,0,0,0,0,0,0,0,0.00,0.00,0.00,0.00,0.00,Matches,7f2309be
10,Nonso Adimabua,ng NGA,FW,SJ Earthquakes,25-345,2000,2,1,46,0.5,0,1,1,0,0,0,0,0,0.00,1.96,1.96,0.00,1.96,Matches,b802b7bc
11,Stephen Afrifa,ca CAN,MF,Sporting KC,25-180,2001,15,1,326,3.6,1,1,2,1,0,0,0,0,0.28,0.28,0.55,0.28,0.55,Matches,cea02b5b
12,Kwaku Agyabeng,gh GHA,MFDF,Sporting KC,20-052,2006,12,4,459,5.1,0,0,0,0,0,0,0,1,0.00,0.00,0.00,0.00,0.00,Matches,85ae83c8
13,Morrison Agyemang,gh GHA,DF,Charlotte,21-240,2004,17,16,1485,16.5,2,0,2,2,0,0,2,0,0.12,0.00,0.12,0.12,0.12,Matches,65bf5126
14,Jorge Alastuey,es ESP,MF,Austin FC,23-096,2003,2,1,97,1.1,0,0,0,0,0,0,0,0,0.00,0.00,0.00,0.00,0.00,Matches,4b45ac00
15,Noah Allen,gr GRE,DFMF,Inter Miami,22-112,2004,16,11,902,10.0,1,1,2,1,0,0,2,0,0.10,0.10,0.20,0.10,0.20,Matches,043f389a
16,Tadeo Allende,ar ARG,MFFW,Inter Miami,27-179,1999,9,4,434,4.8,0,0,0,0,0,0,3,0,0.00,0.00,0.00,0.00,0.00,Matches,75a66bed
17,Miguel Almirón,py PAR,MFFW,Atlanta Utd,32-189,1994,13,12,1096,12.2,3,3,6,3,0,0,0,0,0.25,0.25,0.49,0.25,0.49,Matches,862a1c15
18,Rodolfo Aloko,bj BEN,MF,Charlotte,19-235,2006,9,3,309,3.4,0,1,1,0,0,0,0,0,0.00,0.29,0.29,0.00,0.29,Matches,033672ed
19,Júnior Alonso,py PAR,DF,Atlanta Utd,33-190,1993,4,4,359,4.0,0,0,0,0,0,0,0,0,0.00,0.00,0.00,0.00,0.00,Matches,b18a3023
20,Alejandro Alvarado Jr.,us USA,MF,San Diego FC,23-020,2003,10,3,279,3.1,1,0,1,1,0,0,1,0,0.32,0.00,0.32,0.32,0.32,Matches,14c93be3
21,Steven Alzate,co COL,MF,Atlanta Utd,27-344,1998,8,4,408,4.5,0,0,0,0,0,0,1,0,0.00,0.00,0.00,0.00,0.00,Matches,ad1f61f3
22,Pedro Amador,pt POR,DF,Atlanta Utd,27-243,1998,7,2,243,2.7,0,0,0,0,0,0,0,0,0.00,0.00,0.00,0.00,0.00,Matches,00dad262
23,Frankie Amaya,us USA,MF,CF Montréal,25-326,2000,1,0,3,0.0,0,0,0,0,0,0,0,0,0.00,0.00,0.00,0.00,0.00,Matches,2e8bd00c
24,Malte Amundsen,dk DEN,DF,Columbus Crew,28-188,1998,14,13,1084,12.0,0,0,0,0,0,0,2,0,0.00,0.00,0.00,0.00,0.00,Matches,83b6e15d
25,Felipe Andrade,br BRA,DF,Houston,24-081,2002,15,15,1328,14.8,1,0,1,1,0,0,7,0,0.07,0.00,0.07,0.07,0.07,Matches,4cf81576
26,Augustin Anello,it ITA,MFFW,Philadelphia,24-118,2002,11,3,394,4.4,1,1,2,1,0,0,1,0,0.23,0.23,0.46,0.23,0.46,Matches,c16ab6bc
27,Iván Angulo,co COL,MFDF,Orlando City,27-149,1999,19,18,1635,18.2,1,4,5,1,0,0,3,0,0.06,0.22,0.28,0.06,0.28,Matches,55a5d959
28,Conner Antley,us USA,DFMF,D.C. United,31-149,1995,4,0,29,0.3,0,0,0,0,0,0,0,0,0.00,0.00,0.00,0.00,0.00,Matches,6396308d
29,Antony,br BRA,MFFW,Portland Timbers,24-344,2001,18,14,1231,13.7,2,1,3,2,0,0,0,0,0.15,0.07,0.22,0.15,0.22,Matches,6a2381f7
30,Brian Anunga,cm CMR,MF,FC Cincinnati,30-008,1996,11,4,442,4.9,0,0,0,0,0,0,1,0,0.00,0.00,0.00,0.00,0.00,Matches,17b28ec7
31,Matthew Arana,mx MEX,MF,Houston,15-355,2010,1,0,3,0.0,0,0,0,0,0,0,0,0,0.00,0.00,0.00,0.00,0.00,Matches,a3df8928
32,Alexander Aravena,cl CHI,MF,Portland Timbers,23-346,2002,15,4,485,5.4,1,0,1,1,0,0,0,0,0.19,0.00,0.19,0.19,0.19,Matches,4535ab5d
33,Max Arfsten,us USA,MF,Columbus Crew,25-121,2001,17,17,1462,16.2,4,4,8,4,0,0,3,0,0.25,0.25,0.49,0.25,0.49,Matches,668f881e
34,Juan Arias,co COL,DF,Real Salt Lake,22-222,2004,2,1,107,1.2,0,0,0,0,0,0,0,0,0.00,0.00,0.00,0.00,0.00,Matches,a36efa99
35,Emilio Aristizábal,co COL,FWMF,Toronto FC,21-013,2005,16,7,549,6.1,3,0,3,3,0,0,1,0,0.49,0.00,0.49,0.49,0.49,Matches,268dec15
36,Daniel Armando Ríos,mx MEX,FW,CF Montréal,31-177,1995,16,4,528,5.9,2,0,2,1,1,1,3,0,0.34,0.00,0.34,0.17,0.17,Matches,078b2c07
37,Paul Arriola,us USA,MFDF,Seattle Sounders,31-194,1995,12,5,354,3.9,0,0,0,0,0,0,1,0,0.00,0.00,0.00,0.00,0.00,Matches,1bb2acce
38,Artur,br BRA,MF,Houston,30-160,1996,12,9,814,9.0,0,1,1,0,0,0,2,0,0.00,0.11,0.11,0.00,0.11,Matches,ea6803c7
39,Joshua Atencio,us USA,MF,Colorado Rapids,24-199,2002,16,12,1069,11.9,1,0,1,1,0,0,8,0,0.08,0.00,0.08,0.08,0.08,Matches,1f084637
40,Eduard Atuesta,co COL,MF,Orlando City,29-061,1997,13,10,814,9.0,0,3,3,0,0,0,5,0,0.00,0.33,0.33,0.00,0.33,Matches,60990b81
41,Julián Aude,ar ARG,DF,LA Galaxy,23-147,2003,11,9,654,7.3,0,0,0,0,0,0,2,0,0.00,0.00,0.00,0.00,0.00,Matches,4223d7bb
42,Palmer Ault,us USA,FW,St. Louis City,22-121,2004,5,0,24,0.3,0,0,0,0,0,0,0,0,0.00,0.00,0.00,0.00,0.00,Matches,69606ffc
43,Tomás Avilés,ar ARG,DF,CF Montréal,22-196,2004,4,3,220,2.4,0,0,0,0,0,0,0,1,0.00,0.00,0.00,0.00,0.00,Matches,f51b9ae1
44,Nəriman Axundzadə,az AZE,MF,Columbus Crew,22-117,2004,7,1,117,1.3,0,0,0,0,0,0,0,0,0.00,0.00,0.00,0.00,0.00,Matches,b7bf9318
45,David Ayala,ar ARG,MF,Inter Miami,24-023,2002,7,3,281,3.1,0,0,0,0,0,0,0,0,0.00,0.00,0.00,0.00,0.00,Matches,06dafc0e
46,Jeevan Badwal,ca CAN,MF,Vancouver,20-160,2006,17,14,1138,12.6,1,2,3,1,0,0,2,0,0.08,0.16,0.24,0.08,0.24,Matches,4b22382f
47,Elías Báez,ar ARG,DF,Atlanta Utd,21-304,2004,17,17,1480,16.4,1,2,3,1,0,0,5,0,0.06,0.12,0.18,0.06,0.18,Matches,ecb61924
48,Drew Baiera,us USA,DF,NYCFC,19-171,2007,3,0,24,0.3,0,0,0,0,0,0,0,0,0.00,0.00,0.00,0.00,0.00,Matches,9e80b378
49,Cody Baker,us USA,DF,Seattle Sounders,22-223,2004,3,1,97,1.1,0,0,0,0,0,0,0,0,0.00,0.00,0.00,0.00,0.00,Matches,fdffba5d
50,Cody Baker,us USA,DF,NE Revolution,22-223,2004,3,0,67,0.7,0,0,0,0,0,0,0,0,0.00,0.00,0.00,0.00,0.00,Matches,fdffba5d
51,Reed Baker-Whiting,us USA,DF,Nashville SC,21-140,2005,12,5,497,5.5,0,0,0,0,0,0,1,0,0.00,0.00,0.00,0.00,0.00,Matches,816d7aec
52,Jonathan Bamba,ci CIV,MFFW,Chicago Fire,30-145,1996,13,11,939,10.4,2,2,4,2,0,0,2,0,0.19,0.19,0.38,0.19,0.38,Matches,b2bd0f6c
53,Fletcher Bank,us USA,MF,Toronto FC,23-109,2003,1,0,13,0.1,0,0,0,0,0,0,0,0,0.00,0.00,0.00,0.00,0.00,Matches,1a5aec29
54,Jesús Barea,es ESP,FW,Real Salt Lake,24-112,2002,3,0,17,0.2,0,0,0,0,0,0,0,0,0.00,0.00,0.00,0.00,0.00,Matches,67c8818a
55,Tai Baribo,il ISR,FW,D.C. United,28-215,1998,16,15,1282,14.2,12,0,12,9,3,3,3,0,0.84,0.00,0.84,0.63,0.63,Matches,18a8e594
56,Tom Barlow,us USA,FWMF,FC Cincinnati,31-041,1995,19,6,708,7.9,6,1,7,6,0,0,2,0,0.76,0.13,0.89,0.76,0.89,Matches,da4821de
57,Leonardo Barroso,pt POR,DFMF,Chicago Fire,21-067,2005,10,10,749,8.3,0,0,0,0,0,0,1,0,0.00,0.00,0.00,0.00,0.00,Matches,6bbda3e5
58,Jacob Bartlett,us USA,MF,Sporting KC,20-315,2005,15,9,901,10.0,1,0,1,1,0,0,2,0,0.10,0.00,0.10,0.10,0.10,Matches,5b40c2a1
59,Lucas Bartlett,us USA,DF,D.C. United,29-023,1997,18,18,1616,18.0,2,0,2,2,0,0,5,0,0.11,0.00,0.11,0.11,0.11,Matches,c90615e6
60,Ethan Bartlow,us USA,DF,Sporting KC,26-197,2000,11,9,790,8.8,0,0,0,0,0,0,1,0,0.00,0.00,0.00,0.00,0.00,Matches,552898bd
61,Cole Bassett,us USA,MF,Portland Timbers,25-021,2001,15,15,1215,13.5,3,2,5,3,0,0,2,0,0.22,0.15,0.37,0.22,0.37,Matches,2c8da8a1
62,Zorhan Bassong,ca CAN,MF,Sporting KC,27-103,1999,10,8,610,6.8,0,0,0,0,0,0,3,0,0.00,0.00,0.00,0.00,0.00,Matches,6297d826
63,Josh Bauer,us USA,DF,Nashville SC,28-027,1998,14,6,506,5.6,0,0,0,0,0,0,1,0,0.00,0.00,0.00,0.00,0.00,Matches,733aa9ec
64,Timo Baumgartl,de GER,DF,St. Louis City,30-167,1996,19,19,1710,19.0,1,0,1,1,0,0,2,0,0.05,0.00,0.05,0.05,0.05,Matches,bd7d2e6d
65,Julián Bazán,co COL,DF,RB New York,20-266,2005,5,3,298,3.3,0,0,0,0,0,0,0,0,0.00,0.00,0.00,0.00,0.00,Matches,283da796
66,Tanner Beason,us USA,DF,NE Revolution,29-148,1997,5,0,57,0.6,0,0,0,0,0,0,0,0,0.00,0.00,0.00,0.00,0.00,Matches,3f1b018e
67,Simon Becher,us USA,FW,St. Louis City,27-029,1999,19,18,1498,16.6,4,4,8,4,0,0,1,0,0.24,0.24,0.48,0.24,0.48,Matches,bc921182
68,Alejandro Bedoya,us USA,MF,Philadelphia,39-111,1987,11,1,217,2.4,0,2,2,0,0,0,1,0,0.00,0.83,0.83,0.00,0.83,Matches,9a6f8dfd
69,Jon Bell,jm JAM,DF,Austin FC,28-357,1997,14,7,722,8.0,2,0,2,2,0,0,1,0,0.25,0.00,0.25,0.25,0.25,Matches,658a3134
70,Ben Bender,us USA,DFMF,Philadelphia,25-164,2001,8,4,435,4.8,1,0,1,1,0,0,1,0,0.21,0.00,0.21,0.21,0.21,Matches,bc307884
71,Nehuén Benedetti,ar ARG,MF,RB New York,21-175,2005,6,0,92,1.0,0,0,0,0,0,0,1,0,0.00,0.00,0.00,0.00,0.00,Matches,1ced6bde
72,Ramiro Benetti,br BRA,MF,FC Dallas,33-088,1993,15,13,1068,11.9,0,1,1,0,0,0,3,0,0.00,0.08,0.08,0.00,0.08,Matches,96d14fe7
73,Lasse Berg Johnsen,no NOR,MF,Sporting KC,27-000,1999,15,14,1223,13.6,1,0,1,1,0,0,4,1,0.07,0.00,0.07,0.07,0.07,Matches,a0b95824
74,Gustav Berggren,se SWE,MFDF,RB New York,28-345,1997,12,4,416,4.6,0,2,2,0,0,0,1,1,0.00,0.43,0.43,0.00,0.43,Matches,b8103669
75,Sebastian Berhalter,us USA,MF,Vancouver,25-100,2001,14,13,1121,12.5,6,4,10,5,1,1,3,0,0.48,0.32,0.80,0.40,0.72,Matches,f33ee427
76,Juan Berrocal,es ESP,DF,Atlanta Utd,27-106,1999,9,8,731,8.1,0,0,0,0,0,0,2,0,0.00,0.00,0.00,0.00,0.00,Matches,377ef3a6
77,Germán Berterame,mx MEX,FW,Inter Miami,27-278,1998,17,14,1305,14.5,7,4,11,7,0,0,1,0,0.48,0.28,0.76,0.48,0.76,Matches,fa61a2db
78,Pep Biel,es ESP,MFFW,Charlotte,29-347,1996,19,19,1658,18.4,10,5,15,9,1,1,2,0,0.54,0.27,0.81,0.49,0.76,Matches,1c59240b
79,Mamadou Billo Diop,sn SEN,FW,Colorado Rapids,19-338,2006,2,0,19,0.2,0,0,0,0,0,0,0,0,0.00,0.00,0.00,0.00,0.00,Matches,223a2094
80,Ran Binyamin,il ISR,MFDF,FC Dallas,22-193,2004,16,6,521,5.8,0,2,2,0,0,0,1,0,0.00,0.35,0.35,0.00,0.35,Matches,8a582646
81,Guilherme Biro,br BRA,DF,Austin FC,26-109,2000,16,15,1205,13.4,1,1,2,1,0,0,4,1,0.07,0.07,0.15,0.07,0.15,Matches,02c7236e
82,Tristan Blackmon,us USA,DF,Vancouver,30-006,1996,17,16,1465,16.3,1,0,1,1,0,0,3,0,0.06,0.00,0.06,0.06,0.06,Matches,7f35d14e
83,Andre Blake,jm JAM,GK,Philadelphia,35-270,1990,18,18,1620,18.0,0,0,0,0,0,0,0,0,0.00,0.00,0.00,0.00,0.00,Matches,b3b21a11
84,Or Blorian,il ISR,DF,Sporting KC,26-164,2000,5,5,383,4.3,0,0,0,0,0,0,0,0,0.00,0.00,0.00,0.00,0.00,Matches,6a13d166
85,Isaac Boehmer,us USA,GK,Vancouver,24-271,2001,2,1,114,1.3,0,0,0,0,0,0,0,0,0.00,0.00,0.00,0.00,0.00,Matches,9792574e
86,Mateusz Bogusz,pl POL,MFFW,Houston,24-361,2001,18,17,1527,17.0,4,1,5,4,0,0,2,0,0.24,0.06,0.29,0.24,0.29,Matches,a2c1d8c2
87,Luca Bombino,us USA,DF,San Diego FC,20-039,2006,15,12,1056,11.7,1,1,2,1,0,0,5,1,0.09,0.09,0.17,0.09,0.17,Matches,1b78973a
88,Jonathan Bond,eng ENG,GK,Houston,33-091,1993,19,19,1665,18.5,0,0,0,0,0,0,0,0,0.00,0.00,0.00,0.00,0.00,Matches,c3a86eea
89,Alex Bonetig,au AUS,DF,Portland Timbers,23-363,2002,8,7,648,7.2,1,0,1,1,0,0,1,0,0.14,0.00,0.14,0.14,0.14,Matches,5d22ca4b
90,Zach Booth,us USA,MFFW,Real Salt Lake,22-182,2004,11,6,433,4.8,1,0,1,1,0,0,2,0,0.21,0.00,0.21,0.21,0.21,Matches,7e47a132
91,Diego Borges,br BRA,DF,Sporting KC,21-246,2004,3,2,204,2.3,0,0,0,0,0,0,1,0,0.00,0.00,0.00,0.00,0.00,Matches,df8c0be0
92,Dylan Borso,us USA,MF,Chicago Fire,20-077,2006,4,0,78,0.9,0,0,0,0,0,0,1,0,0.00,0.00,0.00,0.00,0.00,Matches,8ed39636
93,Antone Bossenberry,ca CAN,MF,Toronto FC,18-004,2008,2,0,35,0.4,0,0,0,0,0,0,0,0,0.00,0.00,0.00,0.00,0.00,Matches,1aed986a
94,Denis Bouanga,ga GAB,FWMF,LAFC,31-280,1994,19,19,1633,18.1,10,4,14,9,1,1,5,0,0.55,0.22,0.77,0.50,0.72,Matches,0b0cbe5b
95,Ousseni Bouda,bf BFA,MFFW,SJ Earthquakes,26-112,2000,19,17,1503,16.7,5,1,6,5,0,0,1,0,0.30,0.06,0.36,0.30,0.36,Matches,0672f944
96,Amin Boudri,se SWE,MF,LAFC,21-323,2004,4,0,78,0.9,0,0,0,0,0,0,0,0,0.00,0.00,0.00,0.00,0.00,Matches,8c03d809
97,Agustín Bouzat,ar ARG,MF,Houston,32-143,1994,16,8,786,8.7,1,1,2,1,0,0,1,1,0.11,0.11,0.23,0.11,0.23,Matches,a98f4de5
98,Michael Boxall,nz NZL,DF,Minnesota Utd,38-000,1988,11,9,757,8.4,0,0,0,0,0,0,1,0,0.00,0.00,0.00,0.00,0.00,Matches,6bfa0d3a
99,Tyler Boyd,us USA,MFFW,LAFC,31-231,1994,17,5,547,6.1,1,2,3,1,0,0,2,0,0.16,0.33,0.49,0.16,0.49,Matches,f4b1e26f
100,Chris Brady,us USA,GK,Chicago Fire,22-168,2004,18,18,1620,18.0,0,0,0,0,0,0,1,0,0.00,0.00,0.00,0.00,0.00,Matches,a71768a2
101,David Brekalo,si SVN,DF,Orlando City,27-258,1998,15,13,1136,12.6,1,0,1,1,0,0,2,0,0.08,0.00,0.08,0.08,0.08,Matches,fd594b15
102,Luke Brennan,us USA,MF,Atlanta Utd,21-175,2005,12,3,325,3.6,0,0,0,0,0,0,0,0,0.00,0.00,0.00,0.00,0.00,Matches,f6f4f7f0
103,Sebastian Breza,ca CAN,GK,CF Montréal,28-156,1998,3,3,270,3.0,0,0,0,0,0,0,1,0,0.00,0.00,0.00,0.00,0.00,Matches,52e7f812
104,Yannick Bright,it ITA,MF,Inter Miami,24-349,2001,16,15,1300,14.4,0,1,1,0,0,0,3,1,0.00,0.07,0.07,0.00,0.07,Matches,83b115d4
105,Brandt Bronico,us USA,MF,Charlotte,31-059,1995,15,6,597,6.6,1,0,1,1,0,0,1,0,0.15,0.00,0.15,0.15,0.15,Matches,bd4460b1
106,Snyder Brunell,us USA,MF,Seattle Sounders,19-148,2007,18,13,1142,12.7,0,1,1,0,0,0,2,0,0.00,0.08,0.08,0.00,0.08,Matches,1861c746
107,Charles-Emile Brunet,ca CAN,MF,Nashville SC,22-265,2003,4,0,58,0.6,0,0,0,0,0,0,0,0,0.00,0.00,0.00,0.00,0.00,Matches,7fbebb1e
108,Pavel Bucha,cz CZE,MF,FC Cincinnati,28-160,1998,18,18,1569,17.4,5,4,9,5,0,0,3,0,0.29,0.23,0.52,0.29,0.52,Matches,3235182a
109,Noel Buck,eng ENG,MF,SJ Earthquakes,21-135,2005,1,1,63,0.7,0,0,0,0,0,0,0,0,0.00,0.00,0.00,0.00,0.00,Matches,3d47c1ad
110,Dawid Bugaj,pl POL,DF,CF Montréal,22-040,2004,15,12,1095,12.2,0,0,0,0,0,0,1,0,0.00,0.00,0.00,0.00,0.00,Matches,8873ce45
111,Roman Bürki,ch SUI,GK,St. Louis City,35-277,1990,17,17,1530,17.0,0,0,0,0,0,0,1,0,0.00,0.00,0.00,0.00,0.00,Matches,9d12e142
112,Micah Burton,us USA,FW,Austin FC,20-145,2006,2,0,20,0.2,0,0,0,0,0,0,0,0,0.00,0.00,0.00,0.00,0.00,Matches,ba5a0210
113,Brandon Bye,us USA,DF,Portland Timbers,30-262,1995,19,18,1634,18.2,1,3,4,1,0,0,4,0,0.06,0.17,0.22,0.06,0.22,Matches,9fcd12af
114,Nathan Byrne,eng ENG,DF,Charlotte,34-074,1992,18,17,1506,16.7,0,0,0,0,0,0,3,0,0.00,0.00,0.00,0.00,0.00,Matches,c4041fbc
115,Rafael Cabral,br BRA,GK,Real Salt Lake,36-090,1990,18,18,1620,18.0,0,0,0,0,0,0,0,0,0.00,0.00,0.00,0.00,0.00,Matches,806f7a26
116,Kenji Cabrera,pe PER,MF,Vancouver,23-203,2003,9,2,313,3.5,0,2,2,0,0,0,2,0,0.00,0.58,0.58,0.00,0.58,Matches,eb442b0c
117,Bruno Caicedo,ec ECU,MF,Vancouver,21-215,2005,9,3,347,3.9,2,3,5,2,0,0,2,0,0.52,0.78,1.30,0.52,1.30,Matches,7f06a1d2
118,Fricio Caicedo,ec ECU,DF,Inter Miami,18-123,2008,1,1,90,1.0,0,0,0,0,0,0,0,0,0.00,0.00,0.00,0.00,0.00,Matches,00884dde
119,José Caicedo,co COL,MF,Portland Timbers,24-087,2002,12,8,612,6.8,0,0,0,0,0,0,1,0,0.00,0.00,0.00,0.00,0.00,Matches,4b583a34
120,Marcus Caldeira,ca CAN,FW,Minnesota Utd,21-308,2004,2,0,12,0.1,0,1,1,0,0,0,0,0,0.00,7.50,7.50,0.00,7.50,Matches,f023a03c
121,Taylor Calheira,us USA,FW,Sporting KC,24-114,2002,11,3,292,3.2,0,0,0,0,0,0,1,0,0.00,0.00,0.00,0.00,0.00,Matches,682b151c
122,Noel Caliskan,de GER,MF,Real Salt Lake,25-354,2000,18,17,1546,17.2,0,2,2,0,0,0,3,0,0.00,0.12,0.12,0.00,0.12,Matches,6d526838
123,Drake Callender,us USA,GK,Minnesota Utd,28-315,1997,19,19,1710,19.0,0,0,0,0,0,0,1,0,0.00,0.00,0.00,0.00,0.00,Matches,c4d9567d
124,Rudy Camacho,fr FRA,DF,Columbus Crew,35-166,1991,18,17,1537,17.1,0,0,0,0,0,0,5,0,0.00,0.00,0.00,0.00,0.00,Matches,6ad16d47
125,Leonardo Campana,ec ECU,FW,NE Revolution,26-025,2000,2,1,109,1.2,1,0,1,1,0,0,0,0,0.83,0.00,0.83,0.83,0.83,Matches,bf9c0749
126,Reggie Cannon,us USA,DF,Colorado Rapids,28-068,1998,10,8,615,6.8,1,0,1,1,0,0,3,0,0.15,0.00,0.15,0.15,0.15,Matches,ad9ffc7e
127,Capita,ao ANG,MFFW,Sporting KC,24-220,2002,12,11,825,9.2,2,1,3,2,0,0,4,0,0.22,0.11,0.33,0.22,0.33,Matches,13d5fc25
128,Christian Cappis,us USA,MF,FC Dallas,27-005,1999,19,13,1183,13.1,0,1,1,0,0,0,4,0,0.00,0.08,0.08,0.00,0.08,Matches,25ef5b47
129,Antonio Carlos,br BRA,DF,Houston,33-164,1993,13,11,1034,11.5,0,0,0,0,0,0,0,1,0.00,0.00,0.00,0.00,0.00,Matches,949fe1e8
130,Wikelman Carmona,ve VEN,MFFW,CF Montréal,23-175,2003,12,10,792,8.8,4,2,6,4,0,0,1,0,0.45,0.23,0.68,0.45,0.68,Matches,cab97dd2
131,Maxi Carrizo,us USA,MF,NYCFC,18-171,2008,6,0,92,1.0,0,0,0,0,0,0,0,0,0.00,0.00,0.00,0.00,0.00,Matches,39b3e9d4
132,Wilder Cartagena,pe PER,MF,Orlando City,31-329,1994,6,1,80,0.9,0,0,0,0,0,0,1,0,0.00,0.00,0.00,0.00,0.00,Matches,9f0f5d15
133,Cabral Carter,us USA,GK,LAFC,22-044,2004,1,0,61,0.7,0,0,0,0,0,0,0,0,0.00,0.00,0.00,0.00,0.00,Matches,d9180b76
134,Casemiro,br BRA,MF,Inter Miami,34-176,1992,3,3,270,3.0,0,0,0,0,0,0,2,0,0.00,0.00,0.00,0.00,0.00,Matches,4d224fe8
135,Nico Cavallo,us USA,DFMF,NYCFC,24-234,2001,10,9,799,8.9,0,0,0,0,0,0,1,0,0.00,0.00,0.00,0.00,0.00,Matches,290d5b58
136,Brayan Ceballos,co COL,DF,NE Revolution,25-086,2001,9,8,635,7.1,2,0,2,2,0,0,3,0,0.28,0.00,0.28,0.28,0.28,Matches,3fa61ade
137,Brayan Ceballos,co COL,DF,CF Montréal,25-086,2001,1,1,61,0.7,0,0,0,0,0,0,0,0,0.00,0.00,0.00,0.00,0.00,Matches,3fa61ade
138,Roman Celentano,us USA,GK,FC Cincinnati,25-338,2000,17,17,1530,17.0,0,0,0,0,0,0,0,0,0.00,0.00,0.00,0.00,0.00,Matches,42ba8628
139,Edwin Cerrillo,us USA,MF,LA Galaxy,25-319,2000,16,14,1271,14.1,0,0,0,0,0,0,5,0,0.00,0.00,0.00,0.00,0.00,Matches,bd060315
140,Dylan Chambost,fr FRA,MF,Columbus Crew,28-364,1997,16,12,1000,11.1,0,2,2,0,0,0,2,0,0.00,0.18,0.18,0.00,0.18,Matches,dbde4959
141,Tomás Chancalay,ar ARG,FWMF,Minnesota Utd,27-229,1999,19,16,1370,15.2,2,3,5,2,0,0,3,0,0.13,0.20,0.33,0.13,0.33,Matches,317be364
142,Kieran Chandler,us USA,DF,Minnesota Utd,21-070,2005,1,0,9,0.1,0,0,0,0,0,0,0,0,0.00,0.00,0.00,0.00,0.00,Matches,3864b63d
143,Diego Chará,co COL,MF,Portland Timbers,40-135,1986,15,9,903,10.0,0,0,0,0,0,0,4,0,0.00,0.00,0.00,0.00,0.00,Matches,6260cc9d
144,Gabriel Chaves,br BRA,MFFW,LA Galaxy,25-188,2001,14,14,1211,13.5,5,4,9,5,0,0,5,1,0.37,0.30,0.67,0.37,0.67,Matches,c37ce1ca
145,Justin Che,us USA,DF,RB New York,22-273,2003,12,10,914,10.2,0,0,0,0,0,0,4,0,0.00,0.00,0.00,0.00,0.00,Matches,3c569f37
146,Yevhen Cheberko,ua UKR,DFMF,Columbus Crew,28-207,1998,3,0,85,0.9,0,0,0,0,0,0,0,0,0.00,0.00,0.00,0.00,0.00,Matches,02fbc447
147,Yevhen Cheberko,ua UKR,DF,LAFC,28-207,1998,5,5,434,4.8,0,0,0,0,0,0,0,0,0.00,0.00,0.00,0.00,0.00,Matches,02fbc447
148,Andrei Chirilă,us USA,DF,FC Cincinnati,18-003,2008,6,4,419,4.7,1,0,1,1,0,0,1,0,0.21,0.00,0.21,0.21,0.21,Matches,c5c6e70e
149,Micah Chisholm,ca CAN,DF,Toronto FC,21-272,2004,2,0,66,0.7,0,0,0,0,0,0,0,0,0.00,0.00,0.00,0.00,0.00,Matches,6873413f
150,Mathieu Choinière,ca CAN,MF,LAFC,27-192,1999,20,12,1106,12.3,2,3,5,2,0,0,1,0,0.16,0.24,0.41,0.16,0.41,Matches,017459bb
151,Richard Chukwu,ca CAN,DF,Toronto FC,18-174,2008,1,1,70,0.8,0,0,0,0,0,0,0,0,0.00,0.00,0.00,0.00,0.00,Matches,ddfe1b9c
152,José Cifuentes,ec ECU,MF,Toronto FC,27-159,1999,10,10,792,8.8,1,1,2,1,0,0,3,0,0.11,0.11,0.23,0.11,0.23,Matches,8c8c07a7
153,Markus Cimermancic,ca CAN,MF,Toronto FC,21-321,2004,3,3,227,2.5,0,0,0,0,0,0,0,0,0.00,0.00,0.00,0.00,0.00,Matches,b781b6bf
154,Caden Clark,us USA,MF,D.C. United,23-083,2003,7,0,89,1.0,0,0,0,0,0,0,1,0,0.00,0.00,0.00,0.00,0.00,Matches,6e327d0d
155,Will Cleary,us USA,DF,Charlotte,23-182,2003,5,2,234,2.6,0,1,1,0,0,0,0,0,0.00,0.38,0.38,0.00,0.38,Matches,488c230c
156,Stefan Cleveland,us USA,GK,Sporting KC,32-085,1994,10,10,900,10.0,0,0,0,0,0,0,0,0,0.00,0.00,0.00,0.00,0.00,Matches,873fdbdf
157,Noah Cobb,us USA,DF,Colorado Rapids,21-029,2005,9,2,339,3.8,0,0,0,0,0,0,2,0,0.00,0.00,0.00,0.00,0.00,Matches,4c46e404
158,Alonso Coello,es ESP,MF,Toronto FC,26-310,1999,19,14,1283,14.3,0,3,3,0,0,0,3,0,0.00,0.21,0.21,0.00,0.21,Matches,00eb5be4
159,Michael Collodi,us USA,GK,FC Dallas,25-085,2001,13,13,1170,13.0,0,0,0,0,0,0,2,0,0.00,0.00,0.00,0.00,0.00,Matches,e5857da0
160,Theo Corbeanu,ca CAN,MFFW,Toronto FC,24-093,2002,6,4,361,4.0,1,0,1,1,0,0,1,0,0.25,0.00,0.25,0.25,0.25,Matches,25b82f9a
161,Matthew Corcoran,us USA,MF,Nashville SC,20-182,2006,16,13,1162,12.9,0,0,0,0,0,0,4,1,0.00,0.00,0.00,0.00,0.00,Matches,0acbd246
162,Sergio Córdova,ve VEN,FWMF,St. Louis City,29-009,1997,10,4,495,5.5,1,0,1,1,0,0,1,0,0.18,0.00,0.18,0.18,0.18,Matches,229cd98a
163,David Costa,pt POR,MF,Portland Timbers,25-225,2001,16,16,1327,14.7,1,6,7,1,0,0,1,0,0.07,0.41,0.47,0.07,0.47,Matches,59948ef7
164,Vitor Costa,br BRA,DF,SJ Earthquakes,32-048,1994,4,1,150,1.7,0,0,0,0,0,0,0,0,0.00,0.00,0.00,0.00,0.00,Matches,e28ae695
165,Cade Cowell,us USA,FWMF,RB New York,22-308,2003,17,17,1183,13.1,2,5,7,2,0,0,1,0,0.15,0.38,0.53,0.15,0.53,Matches,f8e95f87
166,Brandan Craig,us USA,DF,CF Montréal,22-133,2004,7,2,305,3.4,0,0,0,0,0,0,2,0,0.00,0.00,0.00,0.00,0.00,Matches,4d0f7cb3
167,Maxime Crépeau,ca CAN,GK,Orlando City,32-099,1994,18,18,1545,17.2,0,0,0,0,0,0,2,1,0.00,0.00,0.00,0.00,0.00,Matches,ea42e480
168,Andrés Cubas,py PAR,MF,Vancouver,30-088,1996,15,14,1194,13.3,0,1,1,0,0,0,6,0,0.00,0.08,0.08,0.00,0.08,Matches,9b40a6ea
169,Mauricio Cuevas,us USA,DFMF,LA Galaxy,23-189,2003,12,7,723,8.0,0,0,0,0,0,0,4,0,0.00,0.00,0.00,0.00,0.00,Matches,cf4f1eb9
170,Christopher Cupps,us USA,DF,Chicago Fire,18-084,2008,2,0,44,0.5,0,0,0,0,0,0,0,0,0.00,0.00,0.00,0.00,0.00,Matches,ad2bce19
171,Hugo Cuypers,be BEL,FW,Chicago Fire,29-192,1997,11,11,989,11.0,13,0,13,11,2,4,1,0,1.18,0.00,1.18,1.00,1.00,Matches,9f417f8c
172,Jayden Da,us USA,FW,NE Revolution,24-132,2002,1,0,9,0.1,0,0,0,0,0,0,0,0,0.00,0.00,0.00,0.00,0.00,Matches,1fd1c027
173,Bruno Damiani,uy URU,FW,Philadelphia,24-122,2002,19,17,1421,15.8,3,1,4,3,0,0,3,0,0.19,0.06,0.25,0.19,0.25,Matches,47546af8
174,Dagur Dan Þórhallsson,is ISL,DF,San Diego FC,26-108,2000,1,1,90,1.0,0,0,0,0,0,0,0,0,0.00,0.00,0.00,0.00,0.00,Matches,c350e7d5
175,Dagur Dan Þórhallsson,is ISL,MFDF,CF Montréal,26-108,2000,10,7,606,6.7,1,0,1,1,0,0,0,0,0.15,0.00,0.15,0.15,0.15,Matches,c350e7d5
176,Daniel,br BRA,GK,FC Dallas,32-104,1994,2,2,108,1.2,0,0,0,0,0,0,0,0,0.00,0.00,0.00,0.00,0.00,Matches,636fc976
177,Daniel,br BRA,GK,SJ Earthquakes,32-104,1994,15,14,1327,14.7,0,0,0,0,0,0,4,0,0.00,0.00,0.00,0.00,0.00,Matches,636fc976
178,Jesús Daniel Bueno,ve VEN,MF,Philadelphia,27-125,1999,13,6,549,6.1,1,0,1,1,0,0,1,0,0.16,0.00,0.16,0.16,0.16,Matches,b5687b08
179,Juan David Mosquera,co COL,DF,Portland Timbers,23-347,2002,3,1,70,0.8,1,1,2,1,0,0,0,0,1.29,1.29,2.57,1.29,2.57,Matches,bb18b3b6
180,Jake Davis,us USA,DFMF,Sporting KC,24-227,2002,18,16,1410,15.7,0,2,2,0,0,0,3,0,0.00,0.13,0.13,0.00,0.13,Matches,79d3a503
181,Rodrigo De Paul,ar ARG,MF,Inter Miami,32-086,1994,15,15,1350,15.0,4,4,8,4,0,0,4,0,0.27,0.27,0.53,0.27,0.53,Matches,162efffd
182,Osaze De Rosario,gy GUY,FW,Seattle Sounders,25-030,2001,16,6,584,6.5,2,0,2,2,0,0,0,0,0.31,0.00,0.31,0.31,0.31,Matches,1b09202f
183,Jonathan Dean,us USA,DF,Chicago Fire,29-095,1997,14,10,933,10.4,0,0,0,0,0,0,1,1,0.00,0.00,0.00,0.00,0.00,Matches,ed8c35d2
184,Louicius Deedson,ht HAI,MF,FC Dallas,25-188,2001,7,3,254,2.8,1,0,1,1,0,0,0,0,0.35,0.00,0.35,0.35,0.35,Matches,f7059bb1
185,Marky Delgado,us USA,MF,LAFC,31-094,1995,19,15,1360,15.1,2,2,4,2,0,0,2,0,0.13,0.13,0.26,0.13,0.26,Matches,7f6a25b7
186,Patrickson Delgado,ec ECU,MFFW,FC Dallas,22-305,2003,15,9,676,7.5,3,0,3,3,0,0,3,0,0.40,0.00,0.40,0.40,0.40,Matches,79d49f47
187,Lovens Delinois,ht HAI,FW,Inter Miami,21-317,2004,1,0,5,0.1,0,0,0,0,0,0,0,0,0.00,0.00,0.00,0.00,0.00,Matches,fae27b0f
188,Kévin Denkey,tg TOG,FW,FC Cincinnati,25-261,2000,18,17,1503,16.7,11,2,13,9,2,2,4,1,0.66,0.12,0.78,0.54,0.66,Matches,0d3585b5
189,Mikkel Desler,dk DEN,DF,Austin FC,31-180,1995,9,6,550,6.1,1,0,1,1,0,0,2,0,0.16,0.00,0.16,0.16,0.16,Matches,1d5c96f8
190,Djibril Diani,fr FRA,MF,Charlotte,28-188,1998,17,9,796,8.8,0,1,1,0,0,0,3,0,0.00,0.11,0.11,0.00,0.11,Matches,4d095331
191,Jefferson Díaz,co COL,DF,Minnesota Utd,25-256,2000,17,16,1382,15.4,0,1,1,0,0,0,7,0,0.00,0.07,0.07,0.00,0.07,Matches,ec27d954
192,Mamadou Dieng,sn SEN,FW,Minnesota Utd,22-195,2004,17,5,479,5.3,0,0,0,0,0,0,1,0,0.00,0.00,0.00,0.00,0.00,Matches,31429cca
193,Daryl Dike,us USA,FW,Orlando City,26-076,2000,1,0,9,0.1,0,0,0,0,0,0,0,0,0.00,0.00,0.00,0.00,0.00,Matches,d4cfc93c
194,Griffin Dillon,us USA,MF,Real Salt Lake,23-115,2003,10,4,378,4.2,0,0,0,0,0,0,1,0,0.00,0.00,0.00,0.00,0.00,Matches,4d095ea6
195,Puso Dithejane,za RSA,MF,Chicago Fire,22-068,2004,12,1,268,3.0,1,0,1,1,0,0,2,0,0.34,0.00,0.34,0.34,0.34,Matches,b055c837
196,Innocent Dje,ci CIV,MF,Chicago Fire,23-105,2003,17,14,1199,13.3,1,0,1,1,0,0,6,0,0.08,0.00,0.08,0.08,0.08,Matches,6b561720
197,Nikola Djordjevic,us USA,DF,Vancouver,23-277,2002,5,0,94,1.0,0,0,0,0,0,0,0,0,0.00,0.00,0.00,0.00,0.00,Matches,052dcd03
198,Ronald Donkor,gh GHA,MF,RB New York,21-271,2004,18,18,1540,17.1,1,4,5,1,0,0,5,0,0.06,0.23,0.29,0.06,0.29,Matches,82a10738
199,Shane Donovan,us USA,MF,Sporting KC,19-224,2007,1,0,1,0.0,0,0,0,0,0,0,0,0,0.00,0.00,0.00,0.00,0.00,Matches,2446b380
200,Niklas Dorsch,de GER,MF,Toronto FC,28-215,1998,2,2,160,1.8,1,0,1,1,0,0,1,0,0.56,0.00,0.56,0.56,0.56,Matches,7f73bdf4
201,Griffin Dorsey,us USA,DFMF,Orlando City,27-166,1999,16,15,1292,14.4,3,1,4,3,0,0,1,0,0.21,0.07,0.28,0.21,0.28,Matches,c182ca04
202,C.J. dos Santos,cv CPV,GK,San Diego FC,25-359,2000,6,6,539,6.0,0,0,0,0,0,0,0,0,0.00,0.00,0.00,0.00,0.00,Matches,e329eaa6
203,Matthew Dos Santos,us USA,DF,RB New York,18-074,2008,18,17,1210,13.4,0,0,0,0,0,0,1,0,0.00,0.00,0.00,0.00,0.00,Matches,84dd18f1
204,Hassani Dotson,us USA,MF,Seattle Sounders,29-012,1997,13,10,825,9.2,1,0,1,1,0,0,4,0,0.11,0.00,0.11,0.11,0.11,Matches,8f2af1ed
205,Andre Dozzell,eng ENG,MF,D.C. United,27-108,1999,4,4,357,4.0,0,0,0,0,0,0,1,0,0.00,0.00,0.00,0.00,0.00,Matches,8f660142
206,Anders Dreyer,dk DEN,FWMF,San Diego FC,28-108,1998,19,18,1643,18.3,8,7,15,4,4,4,3,1,0.44,0.38,0.82,0.22,0.60,Matches,c6486b01
207,Manu Duah,gh GHA,DF,San Diego FC,21-074,2005,18,18,1559,17.3,0,1,1,0,0,0,1,1,0.00,0.06,0.06,0.00,0.06,Matches,037bebf4
208,Nicolás Dubersarsky,ar ARG,MF,Austin FC,21-240,2004,11,7,659,7.3,0,0,0,0,0,0,2,0,0.00,0.00,0.00,0.00,0.00,Matches,bed3eed1
209,Morris Duggan,de GER,DF,Minnesota Utd,25-298,2000,19,19,1710,19.0,1,0,1,1,0,0,4,0,0.05,0.00,0.05,0.05,0.05,Matches,04391c12
210,Bryce Duke,us USA,DF,San Diego FC,25-171,2001,4,1,78,0.9,0,0,0,0,0,0,1,0,0.00,0.00,0.00,0.00,0.00,Matches,59557625
211,Kyle Duncan,us USA,MFDF,Minnesota Utd,29-010,1997,16,14,1095,12.2,1,0,1,1,0,0,3,0,0.08,0.00,0.08,0.08,0.08,Matches,575e6cb1
212,Chris Durkin,us USA,MF,St. Louis City,26-191,2000,17,17,1447,16.1,2,0,2,2,0,0,9,1,0.12,0.00,0.12,0.12,0.12,Matches,0ffd4373
213,Jeremy Ebobisse,us USA,FW,LAFC,29-185,1997,10,1,210,2.3,0,0,0,0,0,0,0,0,0.00,0.00,0.00,0.00,0.00,Matches,5fa7b2ec
214,Ender Echenique,ve VEN,MF,FC Cincinnati,22-138,2004,17,12,1078,12.0,1,5,6,1,0,0,1,0,0.08,0.42,0.50,0.08,0.50,Matches,837bd7eb
215,Daniel Edelman,us USA,MF,St. Louis City,23-112,2003,18,17,1516,16.8,2,2,4,2,0,0,2,0,0.12,0.12,0.24,0.12,0.24,Matches,a8de0bd5
216,Earl Edwards Jr.,us USA,GK,SJ Earthquakes,34-206,1992,1,1,23,0.3,0,0,0,0,0,0,1,0,0.00,0.00,0.00,0.00,0.00,Matches,10f6f942
217,Matthew Edwards,us USA,DFMF,Atlanta Utd,23-182,2003,11,6,541,6.0,0,1,1,0,0,0,2,0,0.00,0.17,0.17,0.00,0.17,Matches,8510e2e6
218,Raheem Edwards,ca CAN,DFMF,Toronto FC,31-034,1995,12,9,737,8.2,0,0,0,0,0,0,3,1,0.00,0.00,0.00,0.00,0.00,Matches,b828d56a
219,Wilson Eisner,us USA,DF,San Diego FC,24-107,2002,4,0,113,1.3,0,0,0,0,0,0,0,0,0.00,0.00,0.00,0.00,0.00,Matches,b6e2a075
220,Troy Elgersma,,MF,LA Galaxy,,,4,0,45,0.5,1,0,1,1,0,0,0,0,2.00,0.00,2.00,2.00,2.00,Matches,3b951f08
221,Jack Elliott,eng ENG,DF,Chicago Fire,30-358,1995,16,16,1385,15.4,0,1,1,0,0,0,4,0,0.00,0.06,0.06,0.00,0.06,Matches,041deebd
222,Justin Ellis,us USA,FW,Orlando City,19-096,2007,12,11,847,9.4,1,5,6,1,0,0,0,0,0.11,0.53,0.64,0.11,0.64,Matches,fee55588
223,Rayan Elloumi,tn TUN,FW,Vancouver,18-335,2007,13,0,183,2.0,1,0,1,1,0,0,0,0,0.49,0.00,0.49,0.49,0.49,Matches,7cd21bce
224,Lukas Engel,dk DEN,DF,Real Salt Lake,27-247,1998,11,11,912,10.1,1,0,1,1,0,0,0,0,0.10,0.00,0.10,0.10,0.10,Matches,aedaf328
225,Lawrence Ennali,de GER,DFMF,Houston,24-164,2002,19,17,1521,16.9,3,2,5,3,0,0,4,0,0.18,0.12,0.30,0.18,0.30,Matches,f77a051b
226,Olger Escobar,gt GUA,MFFW,CF Montréal,19-341,2006,17,4,350,3.9,0,0,0,0,0,0,2,0,0.00,0.00,0.00,0.00,0.00,Matches,d515b0f9
227,Cristian Espinoza,ar ARG,MFFW,Nashville SC,31-137,1995,15,12,1059,11.8,3,7,10,3,0,0,1,0,0.25,0.59,0.85,0.25,0.85,Matches,9c794a80
228,Derrick Etienne,ht HAI,MFFW,Toronto FC,29-266,1996,14,8,791,8.8,2,0,2,2,0,0,0,0,0.23,0.00,0.23,0.23,0.23,Matches,59059f1e
229,Stephen Eustáquio,ca CAN,MF,LAFC,29-240,1996,10,7,601,6.7,1,1,2,1,0,0,0,0,0.15,0.15,0.30,0.15,0.30,Matches,577efaec
230,Evander,br BRA,MFFW,FC Cincinnati,28-070,1998,18,17,1469,16.3,11,10,21,8,3,3,3,0,0.67,0.61,1.29,0.49,1.10,Matches,4352d221
231,Matthew Evans,gt GUA,MF,LAFC,20-085,2006,1,1,55,0.6,0,1,1,0,0,0,1,0,0.00,1.64,1.64,0.00,1.64,Matches,7fb0f29f
232,Diego Fagúndez,uy URU,MF,NE Revolution,31-185,1995,11,1,210,2.3,0,0,0,0,0,0,0,0,0.00,0.00,0.00,0.00,0.00,Matches,fe81682e
233,Maximiliano Falcón,uy URU,DF,Inter Miami,29-109,1997,10,9,868,9.6,0,0,0,0,0,0,2,0,0.00,0.00,0.00,0.00,0.00,Matches,8470a4c2
234,Fallou Fall,sn SEN,DF,St. Louis City,22-125,2004,5,2,224,2.5,1,0,1,1,0,0,1,0,0.40,0.00,0.40,0.40,0.40,Matches,2c8a91b9
235,Mamadou Fall,sn SEN,DF,St. Louis City,23-270,2002,3,0,35,0.4,0,0,0,0,0,0,1,0,0.00,0.00,0.00,0.00,0.00,Matches,805a2a11
236,Arnau Farnós,es ESP,MF,NYCFC,23-212,2003,8,2,159,1.8,0,0,0,0,0,0,0,0,0.00,0.00,0.00,0.00,0.00,Matches,6ef46d30
237,Andrew Farrell,us USA,DF,NE Revolution,34-138,1992,1,1,90,1.0,0,0,0,0,0,0,0,0,0.00,0.00,0.00,0.00,0.00,Matches,71eda165
238,Logan Farrington,us USA,FW,FC Dallas,24-247,2001,18,11,939,10.4,6,2,8,5,1,1,3,0,0.58,0.19,0.77,0.48,0.67,Matches,640b5773
239,Mohamed Farsi,dz ALG,DFMF,Columbus Crew,26-245,1999,9,5,478,5.3,0,2,2,0,0,0,0,0,0.00,0.38,0.38,0.00,0.38,Matches,81039302
240,Ilay Feingold,il ISR,DF,NE Revolution,21-360,2004,9,8,666,7.4,1,0,1,1,0,0,1,0,0.14,0.00,0.14,0.14,0.14,Matches,fe91e603
241,Nick Fernandez,us USA,MF,SJ Earthquakes,24-239,2001,14,6,479,5.3,1,2,3,1,0,0,0,0,0.19,0.38,0.56,0.19,0.56,Matches,43801098
242,Nicolás Fernández,ar ARG,FWMF,NYCFC,26-219,2000,18,18,1588,17.6,13,3,16,9,4,4,6,0,0.74,0.17,0.91,0.51,0.68,Matches,3409de86
243,Omir Fernandez,us USA,MF,Portland Timbers,27-191,1999,2,0,4,0.0,0,0,0,0,0,0,0,0,0.00,0.00,0.00,0.00,0.00,Matches,622986f0
244,Duran Ferree,us USA,GK,San Diego FC,19-324,2006,13,12,1081,12.0,0,0,0,0,0,0,0,0,0.00,0.00,0.00,0.00,0.00,Matches,56b6d34f
245,Jesús Ferreira,us USA,MF,Seattle Sounders,25-237,2000,18,15,1170,13.0,2,3,5,2,0,1,1,0,0.15,0.23,0.38,0.15,0.38,Matches,f61246d8
246,Dominik Fitz,at AUT,FWMF,Minnesota Utd,27-063,1999,1,0,8,0.1,0,0,0,0,0,0,0,0,0.00,0.00,0.00,0.00,0.00,Matches,ea19e14d
247,Gilberto Flores,py PAR,DF,FC Cincinnati,23-139,2003,7,4,303,3.4,0,0,0,0,0,0,1,0,0.00,0.00,0.00,0.00,0.00,Matches,55d8f630
248,Max Floriani,us USA,DF,SJ Earthquakes,23-193,2003,2,2,159,1.8,0,0,0,0,0,0,0,0,0.00,0.00,0.00,0.00,0.00,Matches,b1c742df
249,CJ Fodrey,us USA,FW,Austin FC,22-189,2004,13,2,247,2.7,0,0,0,0,0,0,1,0,0.00,0.00,0.00,0.00,0.00,Matches,ee4a0679
250,Mamadou Fofana,ml MLI,DF,NE Revolution,28-209,1998,18,18,1620,18.0,1,0,1,1,0,0,3,0,0.06,0.00,0.06,0.06,0.06,Matches,4c4ffacc
251,Emil Forsberg,se SWE,MF,RB New York,34-299,1991,18,17,1379,15.3,3,4,7,3,0,0,0,0,0.20,0.26,0.46,0.20,0.46,Matches,9a2e0ccc
252,Ajani Fortune,tt TRI,MF,Atlanta Utd,23-231,2002,10,5,458,5.1,2,0,2,2,0,0,0,0,0.39,0.00,0.39,0.39,0.39,Matches,6c3c3c3c
253,Jimer Fory,co COL,DF,Portland Timbers,24-086,2002,18,18,1517,16.9,0,1,1,0,0,0,3,1,0.00,0.06,0.06,0.00,0.06,Matches,faf827ca
254,Kobe Franklin,ca CAN,DFMF,Toronto FC,23-100,2003,15,12,1010,11.2,2,2,4,2,0,0,0,0,0.18,0.18,0.36,0.18,0.36,Matches,407325c4
255,Ian Fray,jm JAM,DF,Inter Miami,23-352,2002,14,12,911,10.1,1,1,2,1,0,0,5,0,0.10,0.10,0.20,0.10,0.20,Matches,f09cbe39
256,Wayne Frederick,tt TRI,MF,Colorado Rapids,22-066,2004,16,12,1067,11.9,2,2,4,2,0,0,1,1,0.17,0.17,0.34,0.17,0.34,Matches,9f5400d8
257,Matt Freese,us USA,GK,NYCFC,27-350,1998,19,19,1710,19.0,0,0,0,0,0,0,0,0,0.00,0.00,0.00,0.00,0.00,Matches,2f49476c
258,Malcolm Fry,us USA,FW,NE Revolution,21-095,2005,4,0,46,0.5,0,0,0,0,0,0,0,0,0.00,0.00,0.00,0.00,0.00,Matches,730afdd6
259,Kyogo Furuhashi,jp JPN,FW,LA Galaxy,31-210,1995,2,1,88,1.0,0,0,0,0,0,0,0,0,0.00,0.00,0.00,0.00,0.00,Matches,fd4d5f81
260,Charlie Gaffney,us USA,DF,Seattle Sounders,23-020,2003,1,0,6,0.1,0,0,0,0,0,0,0,0,0.00,0.00,0.00,0.00,0.00,Matches,a9a6ab9e
261,Matías Galarza,py PAR,MFFW,Atlanta Utd,24-188,2002,10,8,663,7.4,0,0,0,0,0,0,2,0,0.00,0.00,0.00,0.00,0.00,Matches,8e97a57b
262,Jon Gallagher,ie IRL,DFMF,Austin FC,30-176,1996,19,17,1494,16.6,0,1,1,0,0,0,1,0,0.00,0.06,0.06,0.00,0.06,Matches,9d5afdfb
263,Carlos Garcés,co COL,DF,LA Galaxy,24-311,2001,13,9,790,8.8,0,1,1,0,0,0,5,3,0.00,0.11,0.11,0.00,0.11,Matches,d8eb21b7
264,Manu García,es ESP,MFFW,Sporting KC,28-228,1998,18,14,1250,13.9,2,4,6,2,0,0,3,0,0.14,0.29,0.43,0.14,0.43,Matches,6ed1a2a2
265,Ryan Gauld,sct SCO,MF,Vancouver,30-245,1995,4,2,211,2.3,2,0,2,2,0,0,1,0,0.85,0.00,0.85,0.85,0.85,Matches,862e93c2
266,Luka Gavran,ca CAN,GK,Toronto FC,26-101,2000,19,19,1710,19.0,1,0,1,1,0,0,0,0,0.05,0.00,0.05,0.05,0.05,Matches,76c220e0
267,Dániel Gazdag,hu HUN,FWMF,Columbus Crew,30-169,1996,15,10,782,8.7,3,0,3,1,2,2,0,0,0.35,0.00,0.35,0.12,0.12,Matches,527d0e31
268,Owen Géne,fr FRA,MF,Minnesota Utd,23-152,2003,18,12,1041,11.6,0,0,0,0,0,0,1,0,0.00,0.00,0.00,0.00,0.00,Matches,bfff2337
269,Joran Gerbet,fr FRA,MF,Orlando City,25-049,2001,1,1,45,0.5,0,0,0,0,0,0,0,0,0.00,0.00,0.00,0.00,0.00,Matches,581597fc
270,Mihail Gherasimencov,md MDA,DF,Vancouver,21-146,2005,7,2,297,3.3,0,0,0,0,0,0,0,0,0.00,0.00,0.00,0.00,0.00,Matches,ca4929d0
271,Laurtaro Giaccone,ar ARG,MF,Columbus Crew,25-198,2001,2,1,64,0.7,0,0,0,0,0,0,0,0,0.00,0.00,0.00,0.00,0.00,Matches,5a9ff6cf
272,Samuel Gidi,sk SVK,MFDF,FC Cincinnati,22-125,2004,18,16,1380,15.3,0,1,1,0,0,0,2,0,0.00,0.07,0.07,0.00,0.07,Matches,be3fb78d
273,Carles Gil,es ESP,MF,NE Revolution,33-269,1992,19,19,1701,18.9,7,3,10,3,4,4,2,0,0.37,0.16,0.53,0.16,0.32,Matches,11c30a46
274,Adrian Gill,us USA,MF,Atlanta Utd,20-227,2006,1,1,90,1.0,0,0,0,0,0,0,0,0,0.00,0.00,0.00,0.00,0.00,Matches,96a2442b
275,Thomas Gillier,cl CHI,GK,CF Montréal,22-082,2004,16,16,1440,16.0,0,0,0,0,0,0,3,0,0.00,0.00,0.00,0.00,0.00,Matches,996c61e5
276,Jackson Gilman,us USA,DF,Toronto FC,22-111,2004,7,7,625,6.9,0,0,0,0,0,0,1,0,0.00,0.00,0.00,0.00,0.00,Matches,e060e3c8
277,Justen Glad,us USA,DF,Real Salt Lake,29-171,1997,12,12,1050,11.7,0,1,1,0,0,0,0,0,0.00,0.09,0.09,0.00,0.09,Matches,5b768b0f
278,Jakob Glesnes,no NOR,DF,LA Galaxy,32-146,1994,13,13,1125,12.5,0,0,0,0,0,0,6,0,0.00,0.00,0.00,0.00,0.00,Matches,ac65aef3
279,Aníbal Godoy,pa PAN,MF,San Diego FC,36-189,1990,18,12,981,10.9,0,1,1,0,0,0,3,0,0.00,0.09,0.09,0.00,0.09,Matches,2d496ca3
280,André Gomes,pt POR,MF,Columbus Crew,33-019,1993,12,10,856,9.5,0,0,0,0,0,0,2,0,0.00,0.00,0.00,0.00,0.00,Matches,1961b2aa
281,Yeimar Gómez Andrade,co COL,DF,Seattle Sounders,34-049,1992,3,3,169,1.9,0,0,0,0,0,0,0,0,0.00,0.00,0.00,0.00,0.00,Matches,e43c8d72
282,Ignacio Gómez,ar ARG,MF,Orlando City,20-136,2006,2,0,14,0.2,1,0,1,1,0,0,1,0,6.43,0.00,6.43,6.43,6.43,Matches,c7768b07
283,Sebastian Gomez,us USA,MF,Seattle Sounders,20-089,2006,5,0,129,1.4,0,0,0,0,0,0,1,0,0.00,0.00,0.00,0.00,0.00,Matches,fb5ae5a2
284,Nicksoen Gomis,fr FRA,DF,Toronto FC,24-156,2002,2,1,78,0.9,0,0,0,0,0,0,0,0,0.00,0.00,0.00,0.00,0.00,Matches,3c2d167e
285,Jonathan González,mx MEX,MF,SJ Earthquakes,27-127,1999,10,3,195,2.2,0,0,0,0,0,0,1,0,0.00,0.00,0.00,0.00,0.00,Matches,a8785279
286,Mauricio Gonzalez,,MF,Minnesota Utd,,,9,0,123,1.4,1,0,1,1,0,0,0,0,0.73,0.00,0.73,0.73,0.73,Matches,ab64aa8c
287,Archie Goodwin,au AUS,FW,Charlotte,21-284,2004,17,2,292,3.2,3,0,3,2,1,1,1,0,0.92,0.00,0.92,0.62,0.62,Matches,569362ab
288,Zavier Gozo,us USA,MFFW,Real Salt Lake,19-149,2007,16,16,1415,15.7,6,4,10,6,0,0,4,0,0.38,0.25,0.64,0.38,0.64,Matches,bc2eb719
289,Owen Graham Roache,ca CAN,FW,CF Montréal,18-188,2008,1,0,14,0.2,0,0,0,0,0,0,0,0,0.00,0.00,0.00,0.00,0.00,Matches,9c02bea6
290,Tayvon Gray,jm JAM,DF,NYCFC,23-364,2002,18,18,1573,17.5,1,1,2,1,0,0,6,1,0.06,0.06,0.11,0.06,0.11,Matches,c839e1b2
291,Julian Gressel,us USA,DFMF,Minnesota Utd,32-245,1993,4,0,58,0.6,0,0,0,0,0,0,1,0,0.00,0.00,0.00,0.00,0.00,Matches,acd47bc0
292,Antoine Griezmann,fr FRA,MFFW,Orlando City,35-150,1991,4,4,360,4.0,1,1,2,1,0,0,0,0,0.25,0.25,0.50,0.25,0.50,Matches,df69b544
293,Yuri Guboglo,ht HAI,DF,CF Montréal,19-151,2007,1,1,62,0.7,0,0,0,0,0,0,0,0,0.00,0.00,0.00,0.00,0.00,Matches,24686935
294,Gage Guerra,us USA,FW,Portland Timbers,23-240,2002,6,3,279,3.1,1,1,2,1,0,0,0,0,0.32,0.32,0.65,0.32,0.65,Matches,b34c473e
295,Morgan Guilavogui,gn GUI,MFFW,Real Salt Lake,28-161,1998,14,11,939,10.4,1,4,5,1,0,0,4,1,0.10,0.38,0.48,0.10,0.48,Matches,79b51257
296,Guilherme,br BRA,MFFW,Houston,31-127,1995,19,18,1600,17.8,12,5,17,11,1,1,2,0,0.68,0.28,0.96,0.62,0.90,Matches,58649f05
297,Angus Gunn,sct SCO,GK,SJ Earthquakes,30-208,1996,4,4,360,4.0,0,0,0,0,0,0,0,0,0.00,0.00,0.00,0.00,0.00,Matches,e082af5b
298,Colin Guske,us USA,MF,Orlando City,19-201,2007,6,2,285,3.2,0,0,0,0,0,0,2,1,0.00,0.00,0.00,0.00,0.00,Matches,ebf7ddd9
299,Raul Gustavo,br BRA,DF,NYCFC,27-116,1999,15,10,966,10.7,0,0,0,0,0,0,3,0,0.00,0.00,0.00,0.00,0.00,Matches,79af412b
300,Andrew Gutman,us USA,DF,Chicago Fire,29-320,1996,14,12,1075,11.9,1,3,4,1,0,0,3,0,0.08,0.25,0.33,0.08,0.33,Matches,b7a23251
301,Justin Haak,us USA,DFMF,LA Galaxy,24-340,2001,19,17,1543,17.1,0,1,1,0,0,0,2,0,0.00,0.06,0.06,0.00,0.06,Matches,c644e140
302,Taha Habroune,us USA,MFFW,Columbus Crew,20-194,2006,18,15,1283,14.3,1,2,3,1,0,0,3,0,0.07,0.14,0.21,0.07,0.21,Matches,edc3b063
303,Teenage Hadebe,zw ZIM,DF,FC Cincinnati,30-335,1995,10,3,296,3.3,0,0,0,0,0,0,1,0,0.00,0.00,0.00,0.00,0.00,Matches,582952f2
304,Nick Hagglund,us USA,DF,FC Cincinnati,33-338,1992,13,9,857,9.5,1,0,1,1,0,0,1,0,0.11,0.00,0.11,0.11,0.11,Matches,39632554
305,Maren Haile-Selassie,ch SUI,MFFW,Chicago Fire,27-158,1999,18,14,1272,14.1,3,4,7,3,0,0,1,0,0.21,0.28,0.50,0.21,0.50,Matches,aee414b1
306,Julian Hall,us USA,FW,RB New York,18-147,2008,19,19,1641,18.2,9,3,12,9,0,0,0,0,0.49,0.16,0.66,0.49,0.66,Matches,ea7733d4
307,Lucas Halter,br BRA,DF,Houston,26-108,2000,8,8,663,7.4,0,0,0,0,0,0,3,0,0.00,0.00,0.00,0.00,0.00,Matches,7aa882a2
308,Nicholas Hansen,dk DEN,GK,Colorado Rapids,25-039,2001,10,10,900,10.0,0,0,0,0,0,0,0,0,0.00,0.00,0.00,0.00,0.00,Matches,58d7534b
309,Ian Harkes,us USA,MF,SJ Earthquakes,31-141,1995,18,3,655,7.3,0,0,0,0,0,0,2,0,0.00,0.00,0.00,0.00,0.00,Matches,73fdc4c2
310,Cameron Harper,us USA,DFMF,RB New York,24-272,2001,3,0,30,0.3,0,0,0,0,0,0,0,0,0.00,0.00,0.00,0.00,0.00,Matches,4a78c769
311,Nathan Harriel,us USA,DF,Philadelphia,25-117,2001,19,19,1690,18.8,1,1,2,1,0,0,4,0,0.05,0.05,0.11,0.05,0.11,Matches,b3edbeff
312,Alex Harris,us USA,FW,Colorado Rapids,21-183,2005,5,1,101,1.1,0,0,0,0,0,0,0,0,0.00,0.00,0.00,0.00,0.00,Matches,73ca72d5
313,Calvin Harris,eng ENG,FWMF,Sporting KC,26-151,2000,19,17,1455,16.2,2,3,5,2,0,0,2,0,0.12,0.19,0.31,0.12,0.31,Matches,07b0aeef
314,Wilson Harris,us USA,FW,NE Revolution,26-263,1999,5,0,81,0.9,1,0,1,1,0,0,1,0,1.11,0.00,1.11,1.11,1.11,Matches,ca0756aa
315,Jack Harrison,eng ENG,FW,NE Revolution,29-271,1996,2,1,127,1.4,0,1,1,0,0,0,0,0,0.00,0.71,0.71,0.00,0.71,Matches,aa849a12
316,Marcel Hartel,de GER,MFFW,St. Louis City,30-211,1996,16,15,1370,15.2,6,3,9,6,0,0,0,0,0.39,0.20,0.59,0.39,0.59,Matches,614eca9b
317,Carlos Harvey,pa PAN,DF,Minnesota Utd,26-196,2000,6,1,154,1.7,0,0,0,0,0,0,0,0,0.00,0.00,0.00,0.00,0.00,Matches,3f18600c
318,Thomas Hasal,ca CAN,GK,LAFC,27-040,1999,3,3,209,2.3,0,0,0,0,0,0,0,0,0.00,0.00,0.00,0.00,0.00,Matches,86bac87b
319,Stuart Hawkins,us USA,DF,Seattle Sounders,19-334,2006,4,3,277,3.1,0,0,0,0,0,0,0,0,0.00,0.00,0.00,0.00,0.00,Matches,c7e13846
320,Silvan Hefti,ch SUI,DF,D.C. United,28-297,1997,18,18,1576,17.5,1,2,3,1,0,0,5,1,0.06,0.11,0.17,0.06,0.17,Matches,f8342731
321,Malik Henry,ca CAN,MF,Toronto FC,24-026,2002,15,5,549,6.1,0,0,0,0,0,0,3,0,0.00,0.00,0.00,0.00,0.00,Matches,c047f6aa
322,Fabian Herbers,de GER,MF,CF Montréal,33-001,1993,9,2,292,3.2,0,0,0,0,0,0,0,0,0.00,0.00,0.00,0.00,0.00,Matches,5cbf5ccd
323,Ronald Hernández,ve VEN,DF,Atlanta Utd,28-331,1997,6,2,214,2.4,0,0,0,0,0,0,1,0,0.00,0.00,0.00,0.00,0.00,Matches,de907bab
324,Aaron Herrera,gt GUA,MF,D.C. United,29-073,1997,7,4,387,4.3,0,0,0,0,0,0,1,0,0.00,0.00,0.00,0.00,0.00,Matches,d86e3070
325,Héctor Herrera,mx MEX,MF,Houston,36-121,1990,18,10,988,11.0,2,0,2,2,0,0,1,0,0.18,0.00,0.18,0.18,0.18,Matches,a8542814
326,Marcelo Herrera,ar ARG,DFMF,Columbus Crew,27-288,1998,14,9,878,9.8,0,1,1,0,0,0,2,0,0.00,0.10,0.10,0.00,0.10,Matches,460cfb5b
327,Lucas Herrington,au AUS,DF,Colorado Rapids,18-347,2007,18,17,1531,17.0,1,1,2,1,0,0,4,0,0.06,0.06,0.12,0.06,0.12,Matches,6f808c85
328,Son Heung-min,kr KOR,FWMF,LAFC,34-041,1992,18,17,1452,16.1,4,8,12,4,0,0,2,0,0.25,0.50,0.74,0.25,0.74,Matches,92e7e919
329,Aiden Hezarkhani,us USA,MFFW,Real Salt Lake,19-051,2007,15,8,563,6.3,2,0,2,2,0,0,1,0,0.32,0.00,0.32,0.32,0.32,Matches,2a4c41f6
330,Bode Hidalgo,us USA,DF,CF Montréal,24-177,2002,4,2,255,2.8,0,0,0,0,0,0,0,0,0.00,0.00,0.00,0.00,0.00,Matches,891f8b82
331,Brendan Hines-Ike,us USA,DF,Austin FC,31-261,1994,14,14,1184,13.2,1,0,1,1,0,0,2,0,0.08,0.00,0.08,0.08,0.08,Matches,b807c1dc
332,Bongokuhle Hlongwane,za RSA,MF,Minnesota Utd,26-059,2000,14,4,507,5.6,0,0,0,0,0,0,1,0,0.00,0.00,0.00,0.00,0.00,Matches,de9952b5
333,Rob Holding,eng ENG,DF,Colorado Rapids,30-332,1995,16,15,1165,12.9,0,0,0,0,0,0,1,2,0.00,0.00,0.00,0.00,0.00,Matches,d79a8c87
334,Ryan Hollingshead,us USA,DFMF,LAFC,35-124,1991,16,11,1028,11.4,1,0,1,1,0,0,2,0,0.09,0.00,0.09,0.09,0.09,Matches,28b58797
335,Duane Holmes,us USA,MFDF,Houston,31-285,1994,11,7,552,6.1,0,0,0,0,0,0,2,0,0.00,0.00,0.00,0.00,0.00,Matches,47a050ed
336,Carlo Holse,dk DEN,FWMF,St. Louis City,27-077,1999,1,0,22,0.2,0,0,0,0,0,0,0,0,0.00,0.00,0.00,0.00,0.00,Matches,e248e62f
337,Clay Holstad,us USA,MF,FC Dallas,26-218,2000,2,0,18,0.2,0,0,0,0,0,0,0,0,0.00,0.00,0.00,0.00,0.00,Matches,2ee31588
338,Jackson Hopkins,us USA,MFFW,D.C. United,22-048,2004,19,17,1319,14.7,2,1,3,2,0,0,4,0,0.14,0.07,0.20,0.14,0.20,Matches,8344adf5
339,Ethan Horvath,us USA,GK,RB New York,31-070,1995,19,19,1710,19.0,0,0,0,0,0,0,0,0,0.00,0.00,0.00,0.00,0.00,Matches,3f65d5ce
340,Lucas Hoyos,ar ARG,GK,Atlanta Utd,37-111,1989,19,19,1710,19.0,0,0,0,0,0,0,3,0,0.00,0.00,0.00,0.00,0.00,Matches,848cbc52
341,Keegan Hughes,us USA,DF,NE Revolution,26-027,2000,1,1,81,0.9,0,0,0,0,0,0,0,0,0.00,0.00,0.00,0.00,0.00,Matches,3b0f3e7a
342,Iago,br BRA,DF,Orlando City,21-122,2005,14,11,1028,11.4,0,0,0,0,0,0,4,0,0.00,0.00,0.00,0.00,0.00,Matches,f76a981b
343,Sebastien Ibeagha,us USA,DF,FC Dallas,34-209,1992,19,13,1154,12.8,0,1,1,0,0,0,2,0,0.00,0.08,0.08,0.00,0.08,Matches,41ba8175
344,Aliyu Ibrahim,ng NGA,MF,Houston,24-214,2002,13,2,271,3.0,1,0,1,1,0,0,2,1,0.33,0.00,0.33,0.33,0.33,Matches,363399b2
345,Mitja Ilenič,si SVN,DF,NYCFC,21-235,2004,2,0,6,0.1,0,0,0,0,0,0,0,0,0.00,0.00,0.00,0.00,0.00,Matches,9694c407
346,Milan Iloski,us USA,FWMF,Philadelphia,27-020,1999,19,19,1553,17.3,10,1,11,8,2,3,3,0,0.58,0.06,0.64,0.46,0.52,Matches,4f87c75f
347,Marcus Ingvartsen,dk DEN,FW,San Diego FC,30-226,1996,19,17,1436,16.0,11,2,13,10,1,1,1,0,0.69,0.13,0.81,0.63,0.75,Matches,271b8617
348,Eric Izoita,us USA,MF,Portland Timbers,18-344,2007,1,1,90,1.0,1,0,1,1,0,0,0,0,1.00,0.00,1.00,1.00,1.00,Matches,fd67b8d3
349,Ayoub Jabbari,ma MAR,FW,FC Cincinnati,26-200,2000,17,4,403,4.5,2,2,4,2,0,0,1,0,0.45,0.45,0.89,0.45,0.89,Matches,062c4d41
350,Aziel Jackson,us USA,MF,Vancouver,24-298,2001,10,7,526,5.8,1,1,2,1,0,0,0,0,0.17,0.17,0.34,0.17,0.34,Matches,9862259f
351,Tomás Jacob,ar ARG,DFMF,Atlanta Utd,22-120,2004,16,16,1388,15.4,1,1,2,1,0,0,6,0,0.06,0.06,0.13,0.06,0.13,Matches,3264fa21
352,Ivan Jaime Pajuelo,es ESP,MFFW,CF Montréal,25-326,2000,12,10,826,9.2,1,1,2,1,0,0,1,0,0.11,0.11,0.22,0.11,0.22,Matches,90ba7fa6
353,Malik Jakupović,us USA,FW,Philadelphia,17-055,2009,4,0,64,0.7,0,0,0,0,0,0,0,0,0.00,0.00,0.00,0.00,0.00,Matches,595fc7dd
354,Ian James,us USA,DF,Sporting KC,18-073,2008,12,9,842,9.4,0,0,0,0,0,0,0,0,0.00,0.00,0.00,0.00,0.00,Matches,3e10c876
355,Vincent Janssen,nl NED,FW,Portland Timbers,32-064,1994,1,0,15,0.2,0,0,0,0,0,0,1,0,0.00,0.00,0.00,0.00,0.00,Matches,31dce0c8
356,Robin Jansson,se SWE,DF,Orlando City,34-276,1991,13,13,1112,12.4,0,0,0,0,0,0,2,0,0.00,0.00,0.00,0.00,0.00,Matches,8ca5c176
357,Jack Jasinski,us USA,DF,SJ Earthquakes,22-257,2003,9,4,438,4.9,1,0,1,1,0,0,1,0,0.21,0.00,0.21,0.21,0.21,Matches,6211719a
358,Danley Jean-Jacques,ht HAI,MF,Philadelphia,26-090,2000,18,17,1499,16.7,3,0,3,3,0,0,5,0,0.18,0.00,0.18,0.18,0.18,Matches,59fcbd6d
359,Mijahir Jiménez,pa PAN,FW,RB New York,19-143,2007,3,2,160,1.8,2,0,2,2,0,0,0,0,1.13,0.00,1.13,1.13,1.13,Matches,c0fb5abf
360,Stiven Jimenez,us USA,MF,FC Cincinnati,19-055,2007,1,0,3,0.0,0,0,0,0,0,0,0,0,0.00,0.00,0.00,0.00,0.00,Matches,b26a0215
361,Julio Joao Ortíz,ec ECU,MF,Portland Timbers,30-109,1996,11,4,474,5.3,0,1,1,0,0,0,0,0,0.00,0.19,0.19,0.00,0.19,Matches,97ec94a5
362,Herman Johansson,se SWE,MFDF,FC Dallas,28-306,1997,17,14,1247,13.9,0,2,2,0,0,0,3,0,0.00,0.14,0.14,0.00,0.14,Matches,6f864562
363,Aron John,us USA,MF,Charlotte,20-137,2006,1,0,1,0.0,0,0,0,0,0,0,0,0,0.00,0.00,0.00,0.00,0.00,Matches,604300bc
364,Darius Johnson,gd GRN,MF,SJ Earthquakes,26-156,2000,3,0,63,0.7,0,0,0,0,0,0,0,0,0.00,0.00,0.00,0.00,0.00,Matches,9f7f84be
365,Sean Johnson,us USA,GK,D.C. United,37-079,1989,19,19,1710,19.0,0,0,0,0,0,0,0,0,0.00,0.00,0.00,0.00,0.00,Matches,c164335e
366,Tate Johnson,us USA,DF,Vancouver,21-039,2005,16,15,1329,14.8,0,0,0,0,0,0,1,0,0.00,0.00,0.00,0.00,0.00,Matches,eb8e36b9
367,DeJuan Jones,us USA,DF,SJ Earthquakes,29-055,1997,5,5,359,4.0,0,0,0,0,0,0,2,0,0.00,0.00,0.00,0.00,0.00,Matches,10d1139c
368,Malachi Jones,sl SLE,MF,NYCFC,22-329,2003,10,4,396,4.4,1,0,1,1,0,0,2,0,0.23,0.00,0.23,0.23,0.23,Matches,81167a59
369,Luka Jovanović,au AUS,FW,SJ Earthquakes,21-090,2005,1,0,45,0.5,0,0,0,0,0,0,0,0,0.00,0.00,0.00,0.00,0.00,Matches,7efe36a7
370,Dejan Joveljić,rs SRB,FW,Sporting KC,27-011,1999,19,19,1665,18.5,8,1,9,8,0,0,1,0,0.43,0.05,0.49,0.43,0.49,Matches,95a24690
371,Mykhi Joyner,us USA,MF,St. Louis City,19-353,2006,4,1,91,1.0,0,0,0,0,0,0,0,0,0.00,0.00,0.00,0.00,0.00,Matches,50c9bf12
372,Preston Judd,us USA,FW,SJ Earthquakes,27-082,1999,18,17,1453,16.1,11,3,14,11,0,0,5,0,0.68,0.19,0.87,0.68,0.87,Matches,00534d73
373,Anderson Julio,ec ECU,FWMF,FC Dallas,30-079,1996,4,0,84,0.9,0,0,0,0,0,0,1,0,0.00,0.00,0.00,0.00,0.00,Matches,f907a6a8
374,Sam Junqua,us USA,DF,Real Salt Lake,29-282,1996,14,7,770,8.6,0,0,0,0,0,0,2,0,0.00,0.00,0.00,0.00,0.00,Matches,91981d97
375,Kristijan Kahlina,hr CRO,GK,Charlotte,34-025,1992,19,19,1710,19.0,0,0,0,0,0,0,2,0,0.00,0.00,0.00,0.00,0.00,Matches,53e360bb
376,Kaick,br BRA,MF,FC Dallas,20-262,2005,19,15,1396,15.5,1,1,2,1,0,0,3,0,0.06,0.06,0.13,0.06,0.13,Matches,7703e0fe
377,Bernard Kamungo,us USA,MFDF,FC Dallas,24-229,2002,10,8,765,8.5,0,1,1,0,0,0,2,0,0.00,0.12,0.12,0.00,0.12,Matches,186acc62
378,Emir Karic,ba BIH,DF,Sporting KC,29-070,1997,5,4,393,4.4,0,0,0,0,0,0,0,0,0.00,0.00,0.00,0.00,0.00,Matches,7bbb0ac4
379,Tarun Karumanchi,us USA,MF,Columbus Crew,23-139,2003,3,2,129,1.4,0,0,0,0,0,0,0,0,0.00,0.00,0.00,0.00,0.00,Matches,452e399b
380,Alexandros Katranis,gr GRE,MFDF,Real Salt Lake,28-106,1998,7,4,347,3.9,0,0,0,0,0,0,1,0,0.00,0.00,0.00,0.00,0.00,Matches,5c041f1f
381,Kim Kee-hee,kr KOR,DF,Seattle Sounders,37-036,1989,3,2,152,1.7,0,0,0,0,0,0,0,0,0.00,0.00,0.00,0.00,0.00,Matches,46c6ba76
382,Kevin Kelsy,ve VEN,FW,Portland Timbers,22-022,2004,18,13,1077,12.0,9,2,11,9,0,0,2,0,0.75,0.17,0.92,0.75,0.92,Matches,136958ad
383,Deandre Kerr,ca CAN,MFFW,Toronto FC,23-272,2002,10,5,448,5.0,0,0,0,0,0,0,0,0,0.00,0.00,0.00,0.00,0.00,Matches,a3e85f7b
384,Henry Kessler,us USA,DF,Charlotte,28-054,1998,3,3,270,3.0,0,0,0,0,0,0,1,0,0.00,0.00,0.00,0.00,0.00,Matches,23c75879
385,Hosei Kijima,jp JPN,MF,D.C. United,24-048,2002,6,1,105,1.2,0,0,0,0,0,0,0,0,0.00,0.00,0.00,0.00,0.00,Matches,858f1390
386,Benjamin Kikanovic,us USA,DF,SJ Earthquakes,26-224,2000,16,16,1324,14.7,0,0,0,0,0,0,5,0,0.00,0.00,0.00,0.00,0.00,Matches,fe11d61b
387,Peter Kingston,us USA,MFDF,Seattle Sounders,25-035,2001,14,5,502,5.6,0,0,0,0,0,0,4,0,0.00,0.00,0.00,0.00,0.00,Matches,7a798d92
388,Klauss,br BRA,FW,LA Galaxy,29-170,1997,8,7,546,6.1,5,0,5,5,0,0,0,0,0.82,0.00,0.82,0.82,0.82,Matches,f5ae006d
389,Eric Klein,us USA,MF,NE Revolution,19-271,2006,5,0,22,0.2,0,0,0,0,0,0,0,0,0.00,0.00,0.00,0.00,0.00,Matches,48493ede
390,Jordan Knight,ca CAN,DF,Nashville SC,24-066,2002,4,0,36,0.4,0,0,0,0,0,0,0,0,0.00,0.00,0.00,0.00,0.00,Matches,076ec0be
391,Ethan Kohler,us USA,DF,NE Revolution,21-090,2005,15,14,1257,14.0,0,0,0,0,0,0,1,0,0.00,0.00,0.00,0.00,0.00,Matches,5e352f81
392,Žan Kolmanič,si SVN,DF,Austin FC,26-168,2000,9,2,301,3.3,0,0,0,0,0,0,0,0,0.00,0.00,0.00,0.00,0.00,Matches,4501fd21
393,Stas Korzeniowski,us USA,FW,Philadelphia,23-200,2003,6,1,140,1.6,0,1,1,0,0,0,0,0,0.00,0.64,0.64,0.00,0.64,Matches,1c3655bc
394,Arif Kovac,us USA,FW,Atlanta Utd,19-344,2006,1,0,7,0.1,0,0,0,0,0,0,0,0,0.00,0.00,0.00,0.00,0.00,Matches,ed200505
395,Theodore Ku-Dipietro,us USA,FWMF,Colorado Rapids,24-202,2002,4,0,95,1.1,0,0,0,0,0,0,0,0,0.00,0.00,0.00,0.00,0.00,Matches,ef7c10e0
396,Willy Kumado,gh GHA,MF,San Diego FC,23-306,2002,2,0,24,0.3,0,0,0,0,0,0,0,0,0.00,0.00,0.00,0.00,0.00,Matches,291b879c
397,Keisuke Kurokawa,jp JPN,DF,D.C. United,29-127,1997,19,19,1697,18.9,0,3,3,0,0,0,4,0,0.00,0.16,0.16,0.00,0.16,Matches,dddab740
398,Benjamín Kuscevic,cl CHI,DF,Toronto FC,30-108,1996,7,7,559,6.2,0,0,0,0,0,0,2,0,0.00,0.00,0.00,0.00,0.00,Matches,9edddc34
399,Ezekiel Kwame Alladoh,gh GHA,FW,Philadelphia,20-339,2005,16,5,613,6.8,1,1,2,1,0,0,1,1,0.15,0.15,0.29,0.15,0.29,Matches,f8406838
400,Luca de la Torre,us USA,MF,Charlotte,28-087,1998,15,8,676,7.5,0,1,1,0,0,0,0,0,0.00,0.13,0.13,0.00,0.13,Matches,e9241b40
401,Mathías Laborda,uy URU,DF,Vancouver,26-337,1999,17,16,1462,16.2,3,2,5,3,0,0,2,0,0.18,0.12,0.31,0.18,0.31,Matches,37295115
402,Ayoub Lajhar,,DF,FC Cincinnati,22-039,2004,4,0,23,0.3,0,0,0,0,0,0,1,0,0.00,0.00,0.00,0.00,0.00,Matches,2558c8ea
403,Luca Langoni,ar ARG,MFFW,NE Revolution,24-190,2002,15,10,882,9.8,3,6,9,3,0,0,1,0,0.31,0.61,0.92,0.31,0.92,Matches,b9532512
404,Oliver Larraz,us USA,MF,Vancouver,24-336,2001,13,6,515,5.7,0,2,2,0,0,0,3,0,0.00,0.35,0.35,0.00,0.35,Matches,ecdbe767
405,Richie Laryea,ca CAN,DFMF,Toronto FC,31-223,1995,14,14,1260,14.0,2,1,3,2,0,0,3,0,0.14,0.07,0.21,0.14,0.21,Matches,276fdbe4
406,Ariel Lassiter,cr CRC,MFFW,Portland Timbers,31-325,1994,14,5,460,5.1,2,2,4,2,0,0,1,0,0.39,0.39,0.78,0.39,0.78,Matches,bd7b916c
407,Emmanuel Latte Lath,ci CIV,FW,Atlanta Utd,27-229,1999,14,10,907,10.1,2,2,4,2,0,0,2,0,0.20,0.20,0.40,0.20,0.40,Matches,1c9cfad4
408,Brooks Lennon,us USA,DF,Columbus Crew,28-330,1997,2,1,95,1.1,0,0,0,0,0,0,0,0,0.00,0.00,0.00,0.00,0.00,Matches,ec80ba72
409,Beau Leroux,us USA,MF,SJ Earthquakes,22-352,2003,18,17,1431,15.9,3,3,6,3,0,1,3,0,0.19,0.19,0.38,0.19,0.38,Matches,6a9ab308
410,Robert Lewandowski,pl POL,FW,Chicago Fire,37-362,1988,4,3,255,2.8,2,0,2,2,0,0,1,0,0.71,0.00,0.71,0.71,0.71,Matches,8d78e732
411,Ondřej Lingr,cz CZE,FWMF,Houston,27-315,1998,17,4,421,4.7,0,1,1,0,0,0,0,1,0.00,0.21,0.21,0.00,0.21,Matches,66a7effe
412,Hugo Lloris,fr FRA,GK,LAFC,39-235,1986,17,17,1530,17.0,0,0,0,0,0,0,0,0,0.00,0.00,0.00,0.00,0.00,Matches,8f62b6ee
413,Saba Lobzhanidze,ge GEO,FWMF,Atlanta Utd,31-243,1994,13,8,630,7.0,2,0,2,2,0,0,0,0,0.29,0.00,0.29,0.29,0.29,Matches,84d6ce13
414,Saba Lobzhanidze,ge GEO,FWMF,Real Salt Lake,31-243,1994,4,0,106,1.2,0,2,2,0,0,0,0,0,0.00,1.70,1.70,0.00,1.70,Matches,84d6ce13
415,Robin Lod,fi FIN,MFFW,Chicago Fire,33-123,1993,17,13,1132,12.6,4,1,5,4,0,0,2,0,0.32,0.08,0.40,0.32,0.40,Matches,33c69aa0
416,Aaron Long,us USA,DF,LAFC,33-310,1992,7,7,532,5.9,0,0,0,0,0,0,1,0,0.00,0.00,0.00,0.00,0.00,Matches,46b89640
417,Matthew Longstaff,eng ENG,MF,CF Montréal,26-150,2000,19,17,1469,16.3,2,3,5,2,0,0,4,0,0.12,0.18,0.31,0.12,0.31,Matches,c0027d2d
418,Antino Lopez,us USA,DF,Seattle Sounders,24-089,2002,11,7,655,7.3,0,0,0,0,0,0,1,0,0.00,0.00,0.00,0.00,0.00,Matches,7b02a7e1
419,Victor Loturi,ca CAN,MF,CF Montréal,25-089,2001,19,18,1553,17.3,1,1,2,1,0,0,3,0,0.06,0.06,0.12,0.06,0.12,Matches,6bc235e5
420,Ricardo Louis,ht HAI,MF,FC Dallas,21-318,2004,1,0,18,0.2,0,0,0,0,0,0,0,0,0.00,0.00,0.00,0.00,0.00,Matches,897dec3e
421,Evan Louro,us USA,GK,FC Cincinnati,30-211,1996,2,2,180,2.0,0,0,0,0,0,0,0,0,0.00,0.00,0.00,0.00,0.00,Matches,95c5f7c1
422,Daniel Lovitz,us USA,DF,Nashville SC,34-356,1991,19,15,1381,15.3,0,0,0,0,0,0,4,0,0.00,0.00,0.00,0.00,0.00,Matches,db97d838
423,Eduard Löwen,de GER,MFFW,St. Louis City,29-202,1997,12,7,573,6.4,2,2,4,1,1,1,1,0,0.31,0.31,0.63,0.16,0.47,Matches,70678132
424,Hirving Lozano,mx MEX,FWMF,LA Galaxy,31-019,1995,1,0,26,0.3,0,0,0,0,0,0,1,0,0.00,0.00,0.00,0.00,0.00,Matches,a69e4806
425,Luighi,br BRA,FW,NYCFC,20-110,2006,1,1,66,0.7,1,0,1,0,1,1,1,0,1.36,0.00,1.36,0.00,0.00,Matches,f6202ded
426,Gonzalo Luján,ar ARG,DF,Inter Miami,25-113,2001,14,10,929,10.3,1,0,1,1,0,0,3,0,0.10,0.00,0.10,0.10,0.10,Matches,209aad11
427,Jovan Lukić,rs SRB,MF,Philadelphia,24-210,2002,18,16,1334,14.8,0,1,1,0,0,0,5,0,0.00,0.07,0.07,0.00,0.07,Matches,90268125
428,Diego Luna,us USA,MFFW,Real Salt Lake,22-345,2003,13,10,917,10.2,4,2,6,4,0,0,3,0,0.39,0.20,0.59,0.39,0.59,Matches,e67f8af0
429,Benjamin Lundt,de GER,GK,St. Louis City,30-328,1995,2,2,180,2.0,0,0,0,0,0,0,1,0,0.00,0.00,0.00,0.00,0.00,Matches,abe9908a
430,Lukas MacNaughton,ca CAN,DF,St. Louis City,31-163,1995,16,8,808,9.0,1,1,2,1,0,0,1,0,0.11,0.11,0.22,0.11,0.22,Matches,b6111d16
431,Warren Madrigal,cr CRC,FWMF,Nashville SC,22-025,2004,15,10,833,9.3,5,2,7,5,0,0,0,0,0.54,0.22,0.76,0.54,0.76,Matches,b4adf12d
432,Talles Magno,br BRA,FW,NYCFC,24-053,2002,14,2,388,4.3,2,1,3,2,0,0,1,0,0.46,0.23,0.70,0.46,0.70,Matches,64c98878
433,Jack Maher,us USA,DF,Nashville SC,26-294,1999,8,6,543,6.0,0,0,0,0,0,0,1,0,0.00,0.00,0.00,0.00,0.00,Matches,0c6f2fa6
434,Olwethu Makhanya,za RSA,DF,Philadelphia,22-110,2004,13,13,1169,13.0,0,0,0,0,0,0,6,1,0.00,0.00,0.00,0.00,0.00,Matches,1627e6b5
435,Juan Manuel Sanabria,uy URU,MF,Real Salt Lake,26-142,2000,15,14,1254,13.9,1,4,5,1,0,0,2,0,0.07,0.29,0.36,0.07,0.36,Matches,f1d74479
436,Alexis Manyoma,co COL,MF,Colorado Rapids,23-227,2003,11,2,240,2.7,1,0,1,1,0,0,1,0,0.37,0.00,0.37,0.37,0.37,Matches,6e159787
437,J.T. Marcinkowski,us USA,GK,LA Galaxy,29-101,1997,15,15,1350,15.0,0,0,0,0,0,0,2,0,0.00,0.00,0.00,0.00,0.00,Matches,977791f4
438,Dominik Marczuk,pl POL,MF,Real Salt Lake,22-290,2003,10,1,265,2.9,0,0,0,0,0,0,1,0,0.00,0.00,0.00,0.00,0.00,Matches,dc010d26
439,Paul Marie,fr FRA,MF,SJ Earthquakes,31-147,1995,13,2,265,2.9,0,4,4,0,0,0,0,0,0.00,1.36,1.36,0.00,1.36,Matches,da0bb55a
440,Adrián Marín,es ESP,DF,Orlando City,29-221,1997,17,12,1128,12.5,0,3,3,0,0,0,3,0,0.00,0.24,0.24,0.00,0.24,Matches,b7f2edff
441,Anthony Markanich,ph PHI,MFDF,Minnesota Utd,26-235,1999,19,18,1512,16.8,4,1,5,4,0,0,2,0,0.24,0.06,0.30,0.24,0.30,Matches,565fde4a
442,Nick Markanich,us USA,FW,Houston,26-235,1999,6,1,92,1.0,0,0,0,0,0,0,0,1,0.00,0.00,0.00,0.00,0.00,Matches,65988c73
443,Nikola Marković,ca CAN,MFDF,D.C. United,22-027,2004,13,2,325,3.6,0,1,1,0,0,0,1,0,0.00,0.28,0.28,0.00,0.28,Matches,74a841d9
444,Idan Markovich,il ISR,FW,Charlotte,22-009,2004,19,17,1405,15.6,5,2,7,5,0,1,1,0,0.32,0.13,0.45,0.32,0.45,Matches,dd97f441
445,Jahkeele Marshall-Rutty,ca CAN,DF,RB New York,22-063,2004,18,14,1232,13.7,0,0,0,0,0,0,3,0,0.00,0.00,0.00,0.00,0.00,Matches,b9459f85
446,David Martínez,ve VEN,FWMF,LAFC,20-192,2006,18,11,957,10.6,6,0,6,6,0,0,2,0,0.56,0.00,0.56,0.56,0.56,Matches,52fe0ad4
447,Geiner Martínez,co COL,DF,Philadelphia,23-221,2003,7,4,458,5.1,0,0,0,0,0,0,2,0,0.00,0.00,0.00,0.00,0.00,Matches,0c0b1959
448,Josef Martínez,ve VEN,FW,Columbus Crew,33-091,1993,1,0,20,0.2,0,0,0,0,0,0,0,0,0.00,0.00,0.00,0.00,0.00,Matches,e73f0aa1
449,Thiago Martins,br BRA,DF,NYCFC,31-154,1995,17,17,1505,16.7,0,0,0,0,0,0,0,0,0.00,0.00,0.00,0.00,0.00,Matches,4d6ec370
450,Joyeux Masanka Bungi,be BEL,DF,RB New York,19-206,2007,2,1,90,1.0,0,0,0,0,0,0,1,0,0.00,0.00,0.00,0.00,0.00,Matches,7d70fe97
451,Alexandru Mățan,ro ROU,FWMF,St. Louis City,26-354,1999,2,0,48,0.5,0,0,0,0,0,0,0,0,0.00,0.00,0.00,0.00,0.00,Matches,3bd3bcc4
452,Jimmy Maurer,us USA,GK,Houston,37-308,1988,1,0,45,0.5,0,0,0,0,0,0,1,0,0.00,0.00,0.00,0.00,0.00,Matches,ca1c6f3d
453,Eric Maxim Choupo-Moting,cm CMR,FW,RB New York,37-148,1989,11,1,188,2.1,2,0,2,1,1,1,0,0,0.96,0.00,0.96,0.48,0.48,Matches,0e6bc38c
454,Youssef Maziz,fr FRA,FWMF,Colorado Rapids,28-055,1998,1,0,35,0.4,0,1,1,0,0,0,0,0,0.00,2.57,2.57,0.00,2.57,Matches,514270e8
455,Olivier Mbaizo,cm CMR,DF,Philadelphia,29-003,1997,1,0,60,0.7,0,0,0,0,0,0,0,0,0.00,0.00,0.00,0.00,0.00,Matches,f6315619
456,Mbekezeli Mbokazi,za RSA,DF,Chicago Fire,20-333,2005,12,12,1048,11.6,0,0,0,0,0,0,2,0,0.00,0.00,0.00,0.00,0.00,Matches,13398d42
457,Kenji Mboma Dem,fr FRA,FWMF,FC Cincinnati,24-208,2002,16,11,854,9.5,4,1,5,4,0,0,0,0,0.42,0.11,0.53,0.42,0.53,Matches,18a1a530
458,Jack McGlynn,us USA,MF,Houston,23-042,2003,15,13,1099,12.2,2,5,7,2,0,0,2,0,0.16,0.41,0.57,0.16,0.57,Matches,e2b8c25c
459,Duncan McGuire,us USA,FW,Houston,25-194,2001,5,2,179,2.0,0,0,0,0,0,0,0,0,0.00,0.00,0.00,0.00,0.00,Matches,e0d45022
460,Duncan McGuire,us USA,FW,Orlando City,25-194,2001,11,4,481,5.3,2,0,2,2,0,0,1,0,0.37,0.00,0.37,0.37,0.37,Matches,e0d45022
461,Brendan McSorley,us USA,FW,St. Louis City,24-198,2002,12,0,182,2.0,1,0,1,1,0,0,2,0,0.49,0.00,0.49,0.49,0.49,Matches,9a01d4ba
462,Christopher McVey,se SWE,DF,San Diego FC,29-128,1997,17,15,1329,14.8,1,0,1,1,0,0,7,2,0.07,0.00,0.07,0.07,0.07,Matches,149d8165
463,Adri Mehmeti,us USA,MF,RB New York,17-134,2009,18,18,1497,16.6,1,3,4,1,0,0,6,1,0.06,0.18,0.24,0.06,0.24,Matches,5178f39c
464,Brais Méndez,es ESP,FWMF,Columbus Crew,29-223,1997,2,0,75,0.8,1,0,1,1,0,0,0,0,1.20,0.00,1.20,1.20,1.20,Matches,c9e39d91
465,Lionel Messi,ar ARG,FWMF,Inter Miami,39-055,1987,16,15,1370,15.2,12,8,20,11,1,2,3,0,0.79,0.53,1.31,0.72,1.25,Matches,d70ce98e
466,Wyatt Meyer,us USA,DF,Sporting KC,25-219,2001,15,12,1112,12.4,0,0,0,0,0,0,1,0,0.00,0.00,0.00,0.00,0.00,Matches,a1674d2a
467,Matt Miazga,us USA,DF,FC Cincinnati,31-030,1995,12,10,818,9.1,0,1,1,0,0,0,5,0,0.00,0.11,0.11,0.00,0.11,Matches,9fc0f253
468,Micael,br BRA,DF,Inter Miami,26-006,2000,17,17,1530,17.0,1,0,1,1,0,0,4,0,0.06,0.00,0.06,0.06,0.06,Matches,ea95d7a6
469,Novak Mićović,rs SRB,GK,LA Galaxy,24-297,2001,5,5,450,5.0,0,0,0,0,0,0,0,0,0.00,0.00,0.00,0.00,0.00,Matches,98cd66a3
470,Alex Mighten,eng ENG,FWMF,San Diego FC,24-129,2002,12,5,574,6.4,0,2,2,0,0,0,1,0,0.00,0.31,0.31,0.00,0.31,Matches,10ec4169
471,Djordje Mihailovic,us USA,MFFW,Toronto FC,27-281,1998,9,6,600,6.7,2,3,5,2,0,0,0,1,0.30,0.45,0.75,0.30,0.75,Matches,83cf9719
472,Enea Mihaj,al ALB,DF,Atlanta Utd,28-044,1998,17,15,1277,14.2,0,0,0,0,0,0,4,1,0.00,0.00,0.00,0.00,0.00,Matches,29c28f01
473,Harbor Miller,us USA,MFDF,LA Galaxy,19-058,2007,18,9,935,10.4,0,0,0,0,0,0,1,0,0.00,0.00,0.00,0.00,0.00,Matches,4a5b1142
474,Jansen Miller,us USA,DF,Sporting KC,24-189,2002,9,5,498,5.5,0,0,0,0,0,0,2,0,0.00,0.00,0.00,0.00,0.00,Matches,c2183cdd
475,Kamal Miller,ca CAN,DF,Portland Timbers,29-094,1997,15,12,1005,11.2,1,0,1,1,0,0,4,1,0.09,0.00,0.09,0.09,0.09,Matches,0646bd8a
476,Nolan Miller,us USA,DF,Orlando City,22-015,2004,5,4,328,3.6,0,0,0,0,0,0,2,0,0.00,0.00,0.00,0.00,0.00,Matches,5b7585b3
477,Peyton Miller,us USA,FWMF,NE Revolution,18-283,2007,17,11,1079,12.0,4,1,5,4,0,0,1,0,0.33,0.08,0.42,0.33,0.42,Matches,6cb5be4f
478,Juan Mina,co COL,DF,RB New York,22-022,2004,5,1,185,2.1,0,0,0,0,0,0,0,0,0.00,0.00,0.00,0.00,0.00,Matches,c0d7bb65
479,Georgi Minoungou,bf BFA,MF,Seattle Sounders,24-024,2002,3,2,150,1.7,0,0,0,0,0,0,0,0,0.00,0.00,0.00,0.00,0.00,Matches,574a5662
480,Georgi Minoungou,bf BFA,MFFW,Colorado Rapids,24-024,2002,13,9,881,9.8,0,2,2,0,0,0,1,0,0.00,0.20,0.20,0.00,0.20,Matches,574a5662
481,Aleksei Miranchuk,ru RUS,MFFW,Atlanta Utd,30-305,1995,18,16,1446,16.1,5,5,10,5,0,0,1,0,0.31,0.31,0.62,0.31,0.62,Matches,a9aa0d1d
482,Roald Mitchell,tt TRI,MF,RB New York,23-217,2003,3,0,30,0.3,0,0,0,0,0,0,0,0,0.00,0.00,0.00,0.00,0.00,Matches,193b60a6
483,Shakur Mohammed,gh GHA,MF,Nashville SC,22-356,2003,9,5,395,4.4,3,0,3,3,0,0,2,0,0.68,0.00,0.68,0.68,0.68,Matches,85430bbc
484,Luca Moisa,us USA,MF,Real Salt Lake,18-120,2008,3,3,175,1.9,0,0,0,0,0,0,1,0,0.00,0.00,0.00,0.00,0.00,Matches,9ca6f93c
485,Zane Monlouis,eng ENG,DF,Toronto FC,22-306,2003,16,10,955,10.6,0,0,0,0,0,0,1,0,0.00,0.00,0.00,0.00,0.00,Matches,7745640e
486,Shaq Moore,us USA,DFMF,FC Dallas,29-289,1996,18,17,1567,17.4,0,1,1,0,0,0,2,0,0.00,0.06,0.06,0.00,0.06,Matches,3b9f859b
487,Felipe Mora,cl CHI,FWMF,Portland Timbers,33-016,1993,13,5,448,5.0,4,0,4,4,0,0,1,0,0.80,0.00,0.80,0.80,0.80,Matches,f4b0ea46
488,Efrain Morales,bo BOL,DF,CF Montréal,22-167,2004,14,12,1071,11.9,0,2,2,0,0,0,0,0,0.00,0.17,0.17,0.00,0.17,Matches,2fb02c65
489,Santi Morales,us USA,MF,Inter Miami,19-190,2007,1,1,72,0.8,0,0,0,0,0,0,0,0,0.00,0.00,0.00,0.00,0.00,Matches,5a50abf2
490,Maximiliano Moralez,ar ARG,MF,NYCFC,39-172,1987,14,14,1124,12.5,1,6,7,0,1,1,1,0,0.08,0.48,0.56,0.00,0.48,Matches,f99f37fc
491,Steven Moreira,cv CPV,DF,Columbus Crew,32-005,1994,18,15,1378,15.3,0,0,0,0,0,0,1,0,0.00,0.00,0.00,0.00,0.00,Matches,f10983ae
492,Santiago Moreno,co COL,MFFW,FC Dallas,26-119,2000,14,8,692,7.7,2,2,4,1,1,1,1,0,0.26,0.26,0.52,0.13,0.39,Matches,3261d0e4
493,Lewis Morgan,sct SCO,FW,San Diego FC,29-322,1996,11,5,415,4.6,0,2,2,0,0,0,1,0,0.00,0.43,0.43,0.00,0.43,Matches,b675e328
494,Jordan Morris,us USA,MFFW,Seattle Sounders,31-296,1994,11,7,587,6.5,1,2,3,1,0,0,0,0,0.15,0.31,0.46,0.15,0.46,Matches,bd298d0d
495,Moises Mosquera,co COL,DF,Sporting KC,25-086,2001,3,2,175,1.9,0,0,0,0,0,0,1,1,0.00,0.00,0.00,0.00,0.00,Matches,0057a058
496,Rafael Mosquera,pa PAN,FW,RB New York,21-086,2005,10,1,317,3.5,0,0,0,0,0,0,2,0,0.00,0.00,0.00,0.00,0.00,Matches,82f03f3d
497,Chris Mueller,us USA,FW,Chicago Fire,29-354,1996,5,1,94,1.0,0,0,0,0,0,0,1,0,0.00,0.00,0.00,0.00,0.00,Matches,a5334099
498,Hany Mukhtar,de GER,FWMF,Nashville SC,31-150,1995,19,16,1522,16.9,8,4,12,8,0,0,2,0,0.47,0.24,0.71,0.47,0.71,Matches,87fe8526
499,Thomas Müller,de GER,MF,Vancouver,36-339,1989,15,12,1112,12.4,6,2,8,3,3,3,0,0,0.49,0.16,0.65,0.24,0.40,Matches,3c6089ab
500,Daniel Munie,us USA,DF,SJ Earthquakes,26-189,2000,18,18,1620,18.0,4,1,5,4,0,0,3,0,0.22,0.06,0.28,0.22,0.28,Matches,ce44f0de
501,Louis Munteanu,ro ROU,FW,D.C. United,24-063,2002,15,10,970,10.8,5,1,6,4,1,1,2,0,0.46,0.09,0.56,0.37,0.46,Matches,4692ecb3
502,Facundo Mura,ar ARG,DFMF,Inter Miami,27-148,1999,16,10,989,11.0,0,0,0,0,0,0,0,0,0.00,0.00,0.00,0.00,0.00,Matches,5d16dfc2
503,Ian Murphy,us USA,DF,Colorado Rapids,26-214,2000,1,0,7,0.1,0,0,0,0,0,0,0,0,0.00,0.00,0.00,0.00,0.00,Matches,c6d233e3
504,Ian Murphy,us USA,DF,San Diego FC,26-214,2000,2,1,105,1.2,0,0,0,0,0,0,1,0,0.00,0.00,0.00,0.00,0.00,Matches,c6d233e3
505,Max Murray,us USA,DF,NYCFC,24-132,2002,1,1,77,0.9,0,0,0,0,0,0,0,0,0.00,0.00,0.00,0.00,0.00,Matches,a30fed59
506,Jacob Murrell,us USA,FW,D.C. United,22-143,2004,8,0,74,0.8,0,1,1,0,0,0,1,0,0.00,1.22,1.22,0.00,1.22,Matches,a1f61bdf
507,Petar Musa,hr CRO,FW,FC Dallas,28-167,1998,17,15,1333,14.8,14,2,16,12,2,2,1,0,0.95,0.14,1.08,0.81,0.95,Matches,4567a0b4
508,Daniel Musovski,mk MKD,FW,Seattle Sounders,30-261,1995,17,9,762,8.5,1,0,1,1,0,0,1,0,0.12,0.00,0.12,0.12,0.12,Matches,925a2703
509,Alex Muyl,us USA,MF,Nashville SC,30-322,1995,17,8,711,7.9,0,1,1,0,0,0,2,0,0.00,0.13,0.13,0.00,0.13,Matches,2c1025bf
510,Tristan Muyumba,fr FRA,MF,Atlanta Utd,29-164,1997,19,16,1433,15.9,3,0,3,3,0,0,3,0,0.19,0.00,0.19,0.19,0.19,Matches,bf7ba1d8
511,Andy Najar,hn HON,DF,Nashville SC,33-155,1993,16,12,1056,11.7,1,3,4,1,0,0,3,0,0.09,0.26,0.34,0.09,0.34,Matches,f8280175
512,Matheus Nascimento,br BRA,FW,LA Galaxy,22-168,2004,8,0,151,1.7,1,0,1,1,0,0,0,0,0.60,0.00,0.60,0.60,0.60,Matches,e744c3de
513,Miguel Navarro,ve VEN,DF,Colorado Rapids,27-173,1999,14,9,934,10.4,0,1,1,0,0,0,6,1,0.00,0.10,0.10,0.00,0.10,Matches,3fbff39a
514,Rafael Navarro,br BRA,FW,Colorado Rapids,26-126,2000,19,19,1703,18.9,10,3,13,8,2,2,5,0,0.53,0.16,0.69,0.42,0.58,Matches,4b5ab509
515,Philippe Ndinga,ga GAB,DF,Philadelphia,21-076,2005,6,3,221,2.5,0,0,0,0,0,0,1,0,0.00,0.00,0.00,0.00,0.00,Matches,aac8b194
516,Jalen Neal,us USA,DF,CF Montréal,22-359,2003,9,8,660,7.3,0,0,0,0,0,0,1,0,0.00,0.00,0.00,0.00,0.00,Matches,ca1e91a1
517,Dylan Nealis,us USA,DF,RB New York,28-019,1998,16,16,1377,15.3,0,0,0,0,0,0,3,0,0.00,0.00,0.00,0.00,0.00,Matches,24f4dd87
518,Sean Nealis,us USA,DF,D.C. United,29-217,1997,7,3,254,2.8,0,0,0,0,0,0,0,0,0.00,0.00,0.00,0.00,0.00,Matches,8c1b17b3
519,Franco Negri,ar ARG,DF,Houston,31-179,1995,8,5,378,4.2,0,0,0,0,0,0,1,0,0.00,0.00,0.00,0.00,0.00,Matches,a61d2c1a
520,Jayden Nelson,ca CAN,MF,Austin FC,23-326,2002,12,6,478,5.3,2,0,2,2,0,0,2,0,0.38,0.00,0.38,0.38,0.38,Matches,92305a81
521,John Nelson,us USA,DF,LA Galaxy,28-038,1998,18,11,1137,12.6,0,0,0,0,0,0,1,0,0.00,0.00,0.00,0.00,0.00,Matches,df8c4d49
522,Jean-Claude Ngando,cm CMR,MF,Vancouver,26-271,1999,3,1,114,1.3,0,0,0,0,0,0,1,0,0.00,0.00,0.00,0.00,0.00,Matches,a898dc13
523,Kenneth Nielsen,us USA,DF,LAFC,24-186,2002,5,2,169,1.9,0,0,0,0,0,0,1,0,0.00,0.00,0.00,0.00,0.00,Matches,3bce0d23
524,Kimito Nono,jp JPN,MF,D.C. United,24-145,2002,1,1,79,0.9,0,1,1,0,0,0,0,0,0.00,1.14,1.14,0.00,1.14,Matches,b9616183
525,Nolan Norris,us USA,DF,FC Dallas,21-182,2005,15,13,1169,13.0,1,0,1,1,0,0,5,0,0.08,0.00,0.08,0.08,0.08,Matches,3391e359
526,Obinna Nwobodo,ng NGA,MF,FC Cincinnati,29-262,1996,14,8,680,7.6,0,1,1,0,0,0,4,0,0.00,0.13,0.13,0.00,0.13,Matches,897c8066
527,Aiden O'Neill,au AUS,MF,NYCFC,28-045,1998,11,11,904,10.0,0,1,1,0,0,0,2,0,0.00,0.10,0.10,0.00,0.10,Matches,c7aee75b
528,Kevin O'Toole,ie IRL,DF,NYCFC,27-247,1998,11,10,931,10.3,0,0,0,0,0,0,0,0,0.00,0.00,0.00,0.00,0.00,Matches,72a0f655
529,Édier Ocampo,co COL,DF,Vancouver,22-319,2003,17,16,1358,15.1,1,0,1,1,0,0,6,0,0.07,0.00,0.07,0.07,0.07,Matches,a2484ef5
530,Agustin Ojeda,ar ARG,MFFW,NYCFC,22-060,2004,19,19,1522,16.9,5,4,9,5,0,0,1,0,0.30,0.24,0.53,0.30,0.53,Matches,0dfc20ce
531,Braian Ojeda,py PAR,MF,Orlando City,26-052,2000,18,18,1605,17.8,1,2,3,1,0,0,1,0,0.06,0.11,0.17,0.06,0.17,Matches,60953af0
532,Martín Ojeda,ar ARG,FWMF,Orlando City,27-264,1998,15,15,1313,14.6,11,0,11,8,3,3,1,0,0.75,0.00,0.75,0.55,0.55,Matches,016a7f95
533,Hamzat Ojediran,ng NGA,MF,Colorado Rapids,22-277,2003,17,16,1152,12.8,1,0,1,1,0,0,7,0,0.08,0.00,0.08,0.08,0.08,Matches,25124a21
534,Victor Olatunji,ng NGA,FW,Real Salt Lake,26-347,1999,15,2,324,3.6,1,0,1,1,0,0,0,0,0.28,0.00,0.28,0.28,0.28,Matches,743ffce1
535,Salvador Olivas,us USA,FW,Philadelphia,20-038,2006,1,0,8,0.1,0,0,0,0,0,0,0,0,0.00,0.00,0.00,0.00,0.00,Matches,9a7ef5ae
536,Cristiano Oliveira,us USA,MF,NE Revolution,18-141,2008,1,0,6,0.1,0,0,0,0,0,0,0,0,0.00,0.00,0.00,0.00,0.00,Matches,c19a1f0f
537,Kwadwo Opoku,gh GHA,FW,CF Montréal,25-036,2001,5,0,103,1.1,1,0,1,1,0,0,0,0,0.87,0.00,0.87,0.87,0.87,Matches,226a288e
538,Nathan Ordaz,sv SLV,FW,D.C. United,22-218,2004,4,0,60,0.7,0,1,1,0,0,0,0,0,0.00,1.50,1.50,0.00,1.50,Matches,a9094a3d
539,Nathan Ordaz,sv SLV,FWMF,LAFC,22-218,2004,9,6,501,5.6,2,0,2,2,0,0,0,0,0.36,0.00,0.36,0.36,0.36,Matches,a9094a3d
540,Sergio Oregel,us USA,MF,Chicago Fire,21-094,2005,3,0,29,0.3,0,0,0,0,0,0,0,0,0.00,0.00,0.00,0.00,0.00,Matches,f6c6ff09
541,Jaziel Orozco,us USA,DFMF,St. Louis City,22-077,2004,13,10,832,9.2,0,0,0,0,0,0,3,0,0.00,0.00,0.00,0.00,0.00,Matches,46af4656
542,Jonathan Osorio,ca CAN,MF,Toronto FC,34-067,1992,17,17,1530,17.0,0,3,3,0,0,0,7,0,0.00,0.18,0.18,0.00,0.18,Matches,70106ff6
543,Tomáš Ostrák,cz CZE,MF,St. Louis City,26-194,2000,3,0,25,0.3,1,0,1,1,0,0,0,0,3.60,0.00,3.60,3.60,3.60,Matches,3ba95f20
544,Luis Otávio,br BRA,MF,Orlando City,19-128,2007,14,7,632,7.0,1,0,1,1,0,0,2,0,0.14,0.00,0.14,0.14,0.14,Matches,1ffa6688
545,Javier Otero,ve VEN,GK,Orlando City,23-273,2002,2,1,162,1.8,0,0,0,0,0,0,0,0,0.00,0.00,0.00,0.00,0.00,Matches,67cbc8e7
546,Prince Owusu,gh GHA,FW,CF Montréal,29-223,1997,18,17,1444,16.0,11,6,17,6,5,5,6,0,0.69,0.37,1.06,0.37,0.75,Matches,8377ba6a
547,Woobens Pacius,ht HAI,FW,Nashville SC,25-099,2001,12,3,244,2.7,0,0,0,0,0,0,1,0,0.00,0.00,0.00,0.00,0.00,Matches,43cc460f
548,Devin Padelford,us USA,DFMF,Minnesota Utd,23-227,2003,15,5,606,6.7,1,1,2,1,0,0,0,0,0.15,0.15,0.30,0.15,0.30,Matches,004b090e
549,Joseph Paintsil,gh GHA,FWMF,LA Galaxy,28-198,1998,16,15,1272,14.1,4,2,6,4,0,0,2,0,0.28,0.14,0.42,0.28,0.42,Matches,88062e83
550,Jeison Palacios,co COL,DF,Nashville SC,32-151,1994,15,14,1247,13.9,1,0,1,1,0,0,2,0,0.07,0.00,0.07,0.07,0.07,Matches,44014034
551,Sergi Palencia,es ESP,DF,LAFC,30-148,1996,9,8,623,6.9,1,0,1,1,0,0,2,0,0.14,0.00,0.14,0.14,0.14,Matches,19f8e480
552,James Pantemis,ca CAN,GK,Portland Timbers,29-178,1997,19,19,1710,19.0,0,0,0,0,0,0,1,0,0.00,0.00,0.00,0.00,0.00,Matches,901408ac
553,Isaiah Parente,us USA,MF,LA Galaxy,26-155,2000,6,0,90,1.0,0,0,0,0,0,0,0,0,0.00,0.00,0.00,0.00,0.00,Matches,6dbc74d6
554,Tim Parker,us USA,DF,RB New York,33-176,1993,8,4,434,4.8,0,0,0,0,0,0,1,0,0.00,0.00,0.00,0.00,0.00,Matches,4988a44d
555,Keaton Parks,us USA,MF,NYCFC,29-012,1997,15,11,880,9.8,2,0,2,2,0,0,3,0,0.20,0.00,0.20,0.20,0.20,Matches,77986763
556,Marco Pašalić,hr CRO,MFFW,Orlando City,25-338,2000,11,8,687,7.6,2,0,2,2,0,0,3,0,0.26,0.00,0.26,0.26,0.26,Matches,1866b0f1
557,Pedrinho,br BRA,FW,Orlando City,20-051,2006,1,0,7,0.1,0,0,0,0,0,0,0,0,0.00,0.00,0.00,0.00,0.00,Matches,77022c3e
558,Peglow,br BRA,MF,D.C. United,24-223,2002,18,18,1508,16.8,1,3,4,1,0,0,4,0,0.06,0.18,0.24,0.06,0.24,Matches,8a861bc5
559,Amahl Pellegrino,no NOR,FWMF,San Diego FC,36-061,1990,12,8,678,7.5,2,1,3,2,0,0,0,1,0.27,0.13,0.40,0.27,0.40,Matches,9d9e69df
560,Matti Peltola,fi FIN,MF,D.C. United,24-046,2002,19,16,1501,16.7,1,0,1,1,0,0,1,0,0.06,0.00,0.06,0.06,0.06,Matches,7af31216
561,Andrés Perea,us USA,MF,NYCFC,25-277,2000,9,5,563,6.3,1,1,2,1,0,0,0,0,0.16,0.16,0.32,0.16,0.32,Matches,7e1dbecf
562,Daniel Pereira,ve VEN,MF,Austin FC,26-035,2000,8,4,366,4.1,0,1,1,0,0,0,1,0,0.00,0.25,0.25,0.00,0.25,Matches,b8862e65
563,Daniel Pereira,ve VEN,MF,CF Montréal,26-035,2000,4,2,241,2.7,0,0,0,0,0,0,1,0,0.00,0.00,0.00,0.00,0.00,Matches,b8862e65
564,Matheus Pereira,br BRA,MF,Toronto FC,25-240,2000,2,1,120,1.3,0,0,0,0,0,0,0,0,0.00,0.00,0.00,0.00,0.00,Matches,ac903694
565,Joaquín Pereyra,ar ARG,FWMF,Minnesota Utd,27-260,1998,19,18,1637,18.2,2,6,8,2,0,0,3,0,0.11,0.33,0.44,0.11,0.44,Matches,98af660d
566,Miguel Perez,us USA,MF,St. Louis City,21-112,2005,10,3,264,2.9,0,0,0,0,0,0,2,0,0.00,0.00,0.00,0.00,0.00,Matches,61f7e18e
567,Nikola Petković,rs SRB,MF,Seattle Sounders,23-176,2003,4,2,134,1.5,0,0,0,0,0,0,2,0,0.00,0.00,0.00,0.00,0.00,Matches,6f546721
568,Luca Petrasso,ca CAN,DF,CF Montréal,26-063,2000,17,17,1524,16.9,0,1,1,0,0,0,1,0,0.00,0.06,0.06,0.00,0.06,Matches,fafeaf3d
569,Donavan Phillip,lc LCA,MF,Colorado Rapids,21-226,2005,2,0,30,0.3,0,0,0,0,0,0,0,0,0.00,0.00,0.00,0.00,0.00,Matches,769f3080
570,Hugo Picard,fr FRA,MFFW,Columbus Crew,23-101,2003,18,9,863,9.6,2,2,4,2,0,0,0,0,0.21,0.21,0.42,0.21,0.42,Matches,6d353bf4
571,Fafà Picault,ht HAI,FW,Atlanta Utd,35-176,1991,12,5,518,5.8,2,1,3,2,0,0,1,0,0.35,0.17,0.52,0.35,0.52,Matches,dbaa10c0
572,Kevin Pierre,us USA,MF,NYCFC,23-058,2003,2,0,20,0.2,0,0,0,0,0,0,0,0,0.00,0.00,0.00,0.00,0.00,Matches,ce2f490c
573,Neil Pierre,us USA,DF,Philadelphia,18-303,2007,4,3,305,3.4,2,0,2,2,0,0,0,0,0.59,0.00,0.59,0.59,0.59,Matches,b229cdc3
574,Samuel Piette,ca CAN,MF,CF Montréal,31-279,1994,13,8,621,6.9,0,0,0,0,0,0,3,0,0.00,0.00,0.00,0.00,0.00,Matches,bc33c73b
575,Ian Pilcher,us USA,DF,San Diego FC,23-150,2003,8,2,170,1.9,0,0,0,0,0,0,2,0,0.00,0.00,0.00,0.00,0.00,Matches,16151b25
576,Mauricio Pineda,us USA,MF,Chicago Fire,28-305,1997,13,5,517,5.7,0,0,0,0,0,0,0,0,0.00,0.00,0.00,0.00,0.00,Matches,e0c17cde
577,Dániel Pintér,us USA,MFFW,Inter Miami,19-073,2007,9,2,284,3.2,0,0,0,0,0,0,1,0,0.00,0.00,0.00,0.00,0.00,Matches,93e4e1de
578,Ariath Piol,au AUS,FW,Real Salt Lake,21-311,2004,2,2,164,1.8,1,0,1,1,0,0,0,0,0.55,0.00,0.55,0.55,0.55,Matches,1c33e4ec
579,Gabriel Pirani,br BRA,MF,San Diego FC,24-128,2002,2,1,103,1.1,0,0,0,0,0,0,0,0,0.00,0.00,0.00,0.00,0.00,Matches,17205abf
580,Gabriel Pirani,br BRA,FWMF,D.C. United,24-128,2002,7,6,468,5.2,0,0,0,0,0,0,1,0,0.00,0.00,0.00,0.00,0.00,Matches,17205abf
581,Preston Plambeck,us USA,MF,Inter Miami,20-241,2005,6,0,81,0.9,1,0,1,1,0,0,0,0,1.11,0.00,1.11,1.11,1.11,Matches,72953e4e
582,Matt Polster,us USA,MFDF,NE Revolution,33-071,1993,14,12,889,9.9,0,1,1,0,0,0,2,0,0.00,0.10,0.10,0.00,0.10,Matches,d1d418f8
583,Dante Polvara,us USA,DF,St. Louis City,26-058,2000,19,19,1633,18.1,0,0,0,0,0,0,3,0,0.00,0.00,0.00,0.00,0.00,Matches,03748579
584,Célio Pompeu,br BRA,MF,St. Louis City,26-251,1999,3,1,114,1.3,0,0,0,0,0,0,0,0,0.00,0.00,0.00,0.00,0.00,Matches,b7cc83e3
585,Ezequiel Ponce,ar ARG,FW,Houston,29-142,1997,17,13,1114,12.4,0,1,1,0,0,0,2,0,0.00,0.08,0.08,0.00,0.08,Matches,ccbbe661
586,Ryan Porteous,sct SCO,DF,LAFC,27-146,1999,18,16,1518,16.9,0,0,0,0,0,0,3,0,0.00,0.00,0.00,0.00,0.00,Matches,514725a0
587,Alvas Powell,jm JAM,DF,FC Cincinnati,32-031,1994,8,1,161,1.8,0,1,1,0,0,0,0,1,0.00,0.56,0.56,0.00,0.56,Matches,2f91124d
588,Owen Presthus,us USA,DF,Columbus Crew,20-178,2006,1,1,59,0.7,0,0,0,0,0,0,0,0,0.00,0.00,0.00,0.00,0.00,Matches,e8572636
589,Ralph Priso-Mbongue,ca CAN,DF,Vancouver,24-016,2002,8,6,542,6.0,1,0,1,1,0,0,0,0,0.17,0.00,0.17,0.17,0.17,Matches,acb3e899
590,Andrew Privett,us USA,DF,Charlotte,26-016,2000,8,6,570,6.3,0,0,0,0,0,0,2,0,0.00,0.00,0.00,0.00,0.00,Matches,4fd77159
591,John Pulskamp,us USA,GK,Sporting KC,25-121,2001,9,9,810,9.0,0,0,0,0,0,0,0,0,0.00,0.00,0.00,0.00,0.00,Matches,6b306c92
592,Troy Putt,nz NZL,FW,Minnesota Utd,19-325,2006,1,0,5,0.1,0,0,0,0,0,0,0,0,0.00,0.00,0.00,0.00,0.00,Matches,bd542828
593,Przemysław Płacheta,pl POL,MF,Austin FC,28-148,1998,4,1,150,1.7,0,0,0,0,0,0,1,0,0.00,0.00,0.00,0.00,0.00,Matches,3c33f9d9
594,Ahmed Qasem,iq IRQ,MFFW,Nashville SC,23-037,2003,18,11,931,10.3,1,1,2,1,0,0,3,0,0.10,0.10,0.19,0.10,0.19,Matches,27219ecb
595,Philip Quinton,us USA,DF,Real Salt Lake,26-275,1999,15,12,1126,12.5,0,1,1,0,0,0,2,0,0.00,0.08,0.08,0.00,0.08,Matches,ad411288
596,Viktor Radojevic,rs SRB,DF,Chicago Fire,22-035,2004,8,2,188,2.1,0,0,0,0,0,0,2,0,0.00,0.00,0.00,0.00,0.00,Matches,8093ca99
597,Jeremy Rafanello,us USA,MF,Philadelphia,26-126,2000,4,2,204,2.3,0,0,0,0,0,0,1,0,0.00,0.00,0.00,0.00,0.00,Matches,ca9ccbf2
598,Jackson Ragen,us USA,DF,Seattle Sounders,27-328,1998,15,14,1328,14.8,0,0,0,0,0,0,7,1,0.00,0.00,0.00,0.00,0.00,Matches,a3d67f70
599,Brooklyn Raines,us USA,MF,NE Revolution,21-160,2005,18,18,1582,17.6,1,0,1,1,0,0,7,0,0.06,0.00,0.06,0.06,0.06,Matches,b4caa0c5
600,Bryan Ramírez,ec ECU,MF,FC Cincinnati,26-007,2000,18,15,1343,14.9,1,2,3,1,0,0,6,0,0.07,0.13,0.20,0.07,0.20,Matches,226685d8
601,Christian Ramirez,us USA,FWMF,Austin FC,35-136,1991,17,9,763,8.5,5,1,6,5,0,0,0,0,0.59,0.12,0.71,0.59,0.71,Matches,316d5521
602,Rubén Ramos,us USA,FW,LA Galaxy,19-208,2007,5,1,110,1.2,0,0,0,0,0,0,1,0,0.00,0.00,0.00,0.00,0.00,Matches,d85152ae
603,Ryan Raposo,ca CAN,DFMF,LAFC,27-166,1999,9,3,338,3.8,0,0,0,0,0,0,2,0,0.00,0.00,0.00,0.00,0.00,Matches,f006a9b3
604,Tim Ream,us USA,DF,Charlotte,38-317,1987,13,13,1125,12.5,0,1,1,0,0,0,0,0,0.00,0.08,0.08,0.00,0.08,Matches,28b40c9c
605,Sergio Reguilón,es ESP,DF,Inter Miami,29-245,1996,9,8,578,6.4,1,0,1,1,0,0,2,0,0.16,0.00,0.16,0.16,0.16,Matches,3353737a
606,Jayden Reid,us USA,DF,Sporting KC,24-353,2001,14,11,998,11.1,0,0,0,0,0,0,1,0,0.00,0.00,0.00,0.00,0.00,Matches,24ec625a
607,Seymour Reid,jm JAM,FW,NYCFC,18-167,2008,11,0,89,1.0,0,0,0,0,0,0,0,0,0.00,0.00,0.00,0.00,0.00,Matches,2d164f37
608,Tahir Reid-Brown,us USA,DF,Orlando City,20-047,2006,7,2,225,2.5,0,0,0,0,0,0,1,0,0.00,0.00,0.00,0.00,0.00,Matches,7fa20456
609,William Reilly,us USA,MF,Atlanta Utd,23-258,2002,8,6,566,6.3,0,0,0,0,0,0,3,0,0.00,0.00,0.00,0.00,0.00,Matches,2361b580
610,Agustín Resch,ar ARG,DF,Houston,24-171,2002,18,13,1226,13.6,1,0,1,1,0,0,3,0,0.07,0.00,0.07,0.07,0.07,Matches,2d870682
611,Marco Reus,de GER,MFFW,LA Galaxy,37-079,1989,19,16,1346,15.0,4,6,10,3,1,1,1,0,0.27,0.40,0.67,0.20,0.60,Matches,36a3ff67
612,Justin Reynolds,us USA,DFMF,Sporting KC,22-014,2004,8,4,317,3.5,0,1,1,0,0,0,0,0,0.00,0.28,0.28,0.00,0.28,Matches,b7a764a8
613,Bernardo Rhein,br BRA,DF,Orlando City,18-331,2007,5,2,165,1.8,0,0,0,0,0,0,0,0,0.00,0.00,0.00,0.00,0.00,Matches,b321391a
614,Andrew Rick,us USA,GK,Philadelphia,20-200,2006,1,1,90,1.0,0,0,0,0,0,0,1,0,0.00,0.00,0.00,0.00,0.00,Matches,125b66d4
615,Jamar Ricketts,us USA,DFMF,SJ Earthquakes,24-298,2001,17,14,1147,12.7,0,2,2,0,0,0,2,0,0.00,0.16,0.16,0.00,0.16,Matches,c4bf0bb9
616,Kalani Rienzi,us USA,DF,Seattle Sounders,24-052,2002,16,11,1112,12.4,2,0,2,2,0,0,0,0,0.16,0.00,0.16,0.16,0.16,Matches,a7f6b9c4
617,Chris Rindov,us USA,DF,LA Galaxy,24-314,2001,1,0,2,0.0,0,0,0,0,0,0,0,0,0.00,0.00,0.00,0.00,0.00,Matches,0fb34657
618,Rocco Ríos Novo,ar ARG,GK,Inter Miami,24-075,2002,5,5,450,5.0,0,0,0,0,0,0,0,0,0.00,0.00,0.00,0.00,0.00,Matches,f59bd2d3
619,Reid Roberts,us USA,DF,SJ Earthquakes,22-252,2003,18,18,1620,18.0,2,0,2,2,0,0,5,0,0.11,0.00,0.11,0.11,0.11,Matches,5e49d644
620,Miles Robinson,us USA,DF,FC Cincinnati,29-157,1997,13,12,936,10.4,0,0,0,0,0,0,2,1,0.00,0.00,0.00,0.00,0.00,Matches,782a95d9
621,Stian Rode Gregersen,no NOR,DF,Atlanta Utd,31-093,1995,13,9,839,9.3,0,0,0,0,0,0,3,0,0.00,0.00,0.00,0.00,0.00,Matches,5f011e05
622,James Rodríguez,co COL,MFFW,Minnesota Utd,35-037,1991,6,2,195,2.2,0,2,2,0,0,0,0,0,0.00,0.92,0.92,0.00,0.92,Matches,715bf047
623,Sam Rogers,us USA,DF,Chicago Fire,27-093,1999,2,2,165,1.8,0,0,0,0,0,0,0,0,0.00,0.00,0.00,0.00,0.00,Matches,6a0be032
624,Andy Rojas,cr CRC,FW,RB New York,20-256,2005,3,0,56,0.6,0,0,0,0,0,0,0,0,0.00,0.00,0.00,0.00,0.00,Matches,24d1531c
625,Alex Roldan,sv SLV,DF,Seattle Sounders,30-021,1996,13,10,841,9.3,0,0,0,0,0,0,2,0,0.00,0.00,0.00,0.00,0.00,Matches,1255a82a
626,Cristian Roldan,us USA,MF,Seattle Sounders,31-076,1995,12,10,956,10.6,3,1,4,3,0,0,1,0,0.28,0.09,0.38,0.28,0.38,Matches,48875649
627,Nicolás Romero,ar ARG,DF,Minnesota Utd,22-263,2003,9,8,638,7.1,0,0,0,0,0,0,2,0,0.00,0.00,0.00,0.00,0.00,Matches,bc4b0544
628,David Romney,us USA,DF,SJ Earthquakes,33-067,1993,10,4,433,4.8,1,0,1,1,0,0,0,0,0.21,0.00,0.21,0.21,0.21,Matches,b7b6e781
629,Connor Ronan,ie IRL,MF,Colorado Rapids,28-165,1998,6,2,199,2.2,0,0,0,0,0,0,1,0,0.00,0.00,0.00,0.00,0.00,Matches,1b804500
630,Joseph Rosales,hn HON,MF,Austin FC,25-285,2000,19,18,1501,16.7,1,1,2,1,0,0,3,0,0.06,0.06,0.12,0.06,0.12,Matches,6a29d06b
631,Tanner Rosborough,us USA,FW,RB New York,18-150,2008,5,0,65,0.7,0,0,0,0,0,0,0,0,0.00,0.00,0.00,0.00,0.00,Matches,01c66b96
632,Keegan Rosenberry,us USA,DF,Colorado Rapids,32-250,1993,12,2,424,4.7,1,0,1,1,0,0,0,0,0.21,0.00,0.21,0.21,0.21,Matches,f940c69e
633,Diego Rossi,uy URU,FWMF,Columbus Crew,28-166,1998,15,14,1259,14.0,6,1,7,5,1,1,0,0,0.43,0.07,0.50,0.36,0.43,Matches,a81dba8c
634,Paul Rothrock,us USA,MF,Seattle Sounders,27-221,1999,17,14,1360,15.1,5,1,6,5,0,0,3,0,0.33,0.07,0.40,0.33,0.40,Matches,875e8269
635,Kye Rowles,au AUS,DF,D.C. United,28-055,1998,16,16,1429,15.9,1,0,1,1,0,0,1,0,0.06,0.00,0.06,0.06,0.06,Matches,8caf6772
636,David Ruíz,hn HON,MF,Inter Miami,22-191,2004,8,3,253,2.8,0,0,0,0,0,0,2,0,0.00,0.00,0.00,0.00,0.00,Matches,14cbe9d4
637,Pablo Ruíz,ar ARG,MF,Real Salt Lake,27-241,1998,4,0,56,0.6,0,0,0,0,0,0,0,0,0.00,0.00,0.00,0.00,0.00,Matches,7368cd70
638,Albert Rusnák,sk SVK,MFFW,Seattle Sounders,32-042,1994,17,13,1284,14.3,3,4,7,1,2,2,0,0,0.21,0.28,0.49,0.07,0.35,Matches,0adeafaa
639,Cesar Ruvalcaba,us USA,DF,Columbus Crew,25-036,2001,1,1,90,1.0,0,0,0,0,0,0,0,0,0.00,0.00,0.00,0.00,0.00,Matches,3ad1adbb
640,Jorge Ruvalcaba,mx MEX,FWMF,RB New York,25-026,2001,18,16,1327,14.7,7,0,7,7,0,0,5,0,0.47,0.00,0.47,0.47,0.47,Matches,3c0efe33
641,Elias Saad,tn TUN,MF,Nashville SC,26-234,1999,2,1,100,1.1,0,2,2,0,0,0,1,0,0.00,1.80,1.80,0.00,1.80,Matches,78a2284f
642,Emmanuel Sabbi,us USA,MFFW,Vancouver,28-237,1997,13,8,711,7.9,2,3,5,2,0,0,2,0,0.25,0.38,0.63,0.25,0.63,Matches,2e1b7c83
643,Besard Sabovic,se SWE,MF,Austin FC,28-225,1998,14,5,628,7.0,0,1,1,0,0,0,4,0,0.00,0.14,0.14,0.00,0.14,Matches,6fde84aa
644,Anisse Saidi,tn TUN,FW,San Diego FC,18-059,2008,2,0,21,0.2,0,1,1,0,0,0,0,0,0.00,4.29,4.29,0.00,4.29,Matches,2d567f34
645,Allan Saint-Maximin,fr FRA,FWMF,Charlotte,29-159,1997,1,0,45,0.5,0,0,0,0,0,0,0,0,0.00,0.00,0.00,0.00,0.00,Matches,2b16cb1a
646,Anton Salétros,se SWE,MF,Chicago Fire,30-128,1996,16,16,1405,15.6,0,0,0,0,0,0,5,0,0.00,0.00,0.00,0.00,0.00,Matches,3da8c3f9
647,Dániel Sallói,hu HUN,MFFW,Toronto FC,30-030,1996,19,18,1639,18.2,4,3,7,4,0,0,2,0,0.22,0.16,0.38,0.22,0.38,Matches,6fcddf5f
648,Diadie Samassékou,ml MLI,MF,Houston,30-219,1996,17,9,715,7.9,0,0,0,0,0,0,0,0,0.00,0.00,0.00,0.00,0.00,Matches,08593525
649,Lucas Sanabria,uy URU,MF,LA Galaxy,22-235,2003,20,15,1293,14.4,2,1,3,2,0,0,5,0,0.14,0.07,0.21,0.14,0.21,Matches,1d9b8c4d
650,Cooper Sanchez,us USA,MF,Atlanta Utd,18-145,2008,17,16,1269,14.1,0,1,1,0,0,0,4,0,0.00,0.07,0.07,0.00,0.07,Matches,4fcf3b14
651,Ilie Sánchez,es ESP,MF,Austin FC,35-270,1990,16,14,965,10.7,1,0,1,1,0,0,4,0,0.09,0.00,0.09,0.09,0.09,Matches,72979f65
652,Gallatin Sandnes,us USA,DF,Seattle Sounders,18-076,2008,1,0,32,0.4,0,0,0,0,0,0,0,0,0.00,0.00,0.00,0.00,0.00,Matches,87770830
653,James Sands,us USA,DF,NYCFC,26-043,2000,4,4,360,4.0,0,0,0,0,0,0,1,0,0.00,0.00,0.00,0.00,0.00,Matches,dccd127f
654,William Sands,us USA,DF,NE Revolution,26-043,2000,19,19,1642,18.2,1,0,1,1,0,0,2,0,0.05,0.00,0.05,0.05,0.05,Matches,960a4473
655,Edvard Sandvik Tagseth,no NOR,MF,Nashville SC,25-207,2001,14,12,1015,11.3,1,0,1,1,0,0,1,0,0.09,0.00,0.09,0.09,0.09,Matches,215918bf
656,Jeong Sangbin,kr KOR,MFFW,St. Louis City,24-139,2002,13,9,608,6.8,2,1,3,2,0,0,1,0,0.30,0.15,0.44,0.30,0.44,Matches,f6fca8c6
657,Sergio Santos Gomes,br BRA,FW,Atlanta Utd,31-348,1994,4,0,40,0.4,0,0,0,0,0,0,0,0,0.00,0.00,0.00,0.00,0.00,Matches,a930b263
658,Lineker Rodrigues dos Santos,br BRA,MFFW,Real Salt Lake,24-159,2002,3,2,135,1.5,0,0,0,0,0,0,1,0,0.00,0.00,0.00,0.00,0.00,Matches,ee477eec
659,Rafael Santos,br BRA,MFDF,St. Louis City,28-194,1998,14,10,950,10.6,1,1,2,1,0,0,1,0,0.09,0.09,0.19,0.09,0.19,Matches,c72a6057
660,Harvey Sarajian,us USA,FW,Orlando City,21-204,2005,5,0,34,0.4,0,0,0,0,0,0,2,0,0.00,0.00,0.00,0.00,0.00,Matches,362768d0
661,Kieran Sargeant,us USA,DF,San Diego FC,23-125,2003,11,9,653,7.3,0,1,1,0,0,0,0,0,0.00,0.14,0.14,0.00,0.14,Matches,9ca44215
662,Josh Sargent,us USA,FW,Toronto FC,26-179,2000,12,10,850,9.4,3,1,4,3,0,0,0,0,0.32,0.11,0.42,0.32,0.42,Matches,a8d4428b
663,Samuel Sarver,us USA,MF,FC Dallas,23-168,2003,11,1,243,2.7,3,0,3,3,0,0,4,0,1.11,0.00,1.11,1.11,1.11,Matches,2d43686c
664,David Schnegg,at AUT,DF,Charlotte,27-323,1998,11,6,634,7.0,1,2,3,1,0,0,5,1,0.14,0.28,0.43,0.14,0.43,Matches,1c341b14
665,Sebastian Schonlau,de GER,DFMF,Vancouver,32-013,1994,1,0,26,0.3,0,0,0,0,0,0,0,0,0.00,0.00,0.00,0.00,0.00,Matches,efd623db
666,Patrick Schulte,us USA,GK,Columbus Crew,25-158,2001,19,19,1710,19.0,0,0,0,0,0,0,1,0,0.00,0.00,0.00,0.00,0.00,Matches,b8f47d7c
667,Brian Schwake,us USA,GK,Nashville SC,24-359,2001,19,19,1710,19.0,0,1,1,0,0,0,1,0,0.00,0.05,0.05,0.00,0.05,Matches,e287eefa
668,Dante Sealy,tt TRI,MFFW,Colorado Rapids,23-123,2003,18,14,1006,11.2,0,2,2,0,0,0,1,0,0.00,0.18,0.18,0.00,0.18,Matches,620ae69c
669,Telasco Segovia,ve VEN,MF,Inter Miami,23-138,2003,17,16,1394,15.5,3,6,9,3,0,0,8,0,0.19,0.39,0.58,0.19,0.58,Matches,9142b22f
670,Eddie Segura,co COL,DFMF,LAFC,29-197,1997,18,17,1520,16.9,0,0,0,0,0,0,4,0,0.00,0.00,0.00,0.00,0.00,Matches,c70e3fe0
671,Amar Sejdic,us USA,MF,Columbus Crew,29-262,1996,7,1,186,2.1,0,0,0,0,0,0,0,0,0.00,0.00,0.00,0.00,0.00,Matches,43ca2019
672,Giovanny Sequera,ve VEN,DF,Philadelphia,20-185,2006,1,1,81,0.9,0,0,0,0,0,0,0,0,0.00,0.00,0.00,0.00,0.00,Matches,e27b3742
673,Brandon Servania,us USA,MF,D.C. United,27-159,1999,18,18,1485,16.5,0,0,0,0,0,0,2,0,0.00,0.00,0.00,0.00,0.00,Matches,4d825a2d
674,Japhet Sery,dk DEN,DF,Philadelphia,26-130,2000,11,10,785,8.7,1,0,1,1,0,0,4,1,0.11,0.00,0.11,0.11,0.11,Matches,03e7a498
675,Jacob Shaffelburg,ca CAN,FWMF,LAFC,26-265,1999,10,5,449,5.0,0,2,2,0,0,0,0,0,0.00,0.40,0.40,0.00,0.40,Matches,339a2561
676,Alexander Shaw,us USA,MF,Inter Miami,18-167,2008,2,0,24,0.3,0,0,0,0,0,0,0,0,0.00,0.00,0.00,0.00,0.00,Matches,773d5387
677,Jason Shokalook,us USA,FW,Chicago Fire,23-322,2002,9,0,46,0.5,0,0,0,0,0,0,0,0,0.00,0.00,0.00,0.00,0.00,Matches,f347746b
678,Jonathan Shore,us USA,MF,NYCFC,19-127,2007,14,4,429,4.8,0,0,0,0,0,0,0,0,0.00,0.00,0.00,0.00,0.00,Matches,7cf7d4dd
679,Mateo Silvetti,ar ARG,MFFW,Inter Miami,20-216,2006,13,10,863,9.6,3,3,6,3,0,0,1,0,0.31,0.31,0.63,0.31,0.63,Matches,12a2d3e0
680,Nicholas Simmonds,jm JAM,FW,FC Dallas,19-244,2006,4,1,108,1.2,0,0,0,0,0,0,1,0,0.00,0.00,0.00,0.00,0.00,Matches,9885310e
681,Jonathan Sirois,ca CAN,GK,FC Dallas,25-052,2001,5,4,432,4.8,0,0,0,0,0,0,0,0,0.00,0.00,0.00,0.00,0.00,Matches,5dc34eaa
682,Pablo Sisniega,mx MEX,GK,San Diego FC,31-042,1995,1,1,90,1.0,0,0,0,0,0,0,0,0,0.00,0.00,0.00,0.00,0.00,Matches,550557e1
683,Jack Skahan,us USA,MFFW,SJ Earthquakes,28-192,1998,17,7,627,7.0,2,2,4,2,0,0,1,0,0.29,0.29,0.57,0.29,0.57,Matches,9c07bdc7
684,Tyger Smalls,,FW,Charlotte,23-334,2002,9,0,94,1.0,0,0,0,0,0,0,0,0,0.00,0.00,0.00,0.00,0.00,Matches,1e78e7c5
685,Ian Smith,us USA,DF,Portland Timbers,24-033,2002,13,1,325,3.6,0,0,0,0,0,0,3,0,0.00,0.00,0.00,0.00,0.00,Matches,80a9110c
686,Kyle Smith,us USA,DFMF,FC Cincinnati,34-221,1992,15,8,793,8.8,1,0,1,1,0,0,2,1,0.11,0.00,0.11,0.11,0.11,Matches,9e6b2ec3
687,Artem Smoliakov,ua UKR,MFDF,LAFC,23-081,2003,5,2,175,1.9,0,0,0,0,0,0,1,0,0.00,0.00,0.00,0.00,0.00,Matches,a7590f18
688,Mohammed Sofo,gh GHA,MFFW,RB New York,21-261,2004,12,2,354,3.9,1,0,1,1,0,0,1,0,0.25,0.00,0.25,0.25,0.25,Matches,09390bae
689,Sergi Solans,es ESP,FW,Real Salt Lake,23-173,2003,18,14,1197,13.3,8,3,11,8,0,0,1,0,0.60,0.23,0.83,0.60,0.83,Matches,a5c74923
690,Pedro Soma,us USA,MF,San Diego FC,20-049,2006,9,4,400,4.4,1,2,3,1,0,0,2,0,0.23,0.45,0.68,0.23,0.68,Matches,c29783af
691,Tyrese Spicer,tt TRI,MFFW,Orlando City,25-257,2000,15,5,636,7.1,5,1,6,5,0,0,1,0,0.71,0.14,0.85,0.71,0.85,Matches,685576cf
692,Stijn Spierings,nl NED,MF,Real Salt Lake,30-159,1996,15,12,1041,11.6,1,1,2,1,0,0,2,0,0.09,0.09,0.17,0.09,0.17,Matches,a08985b8
693,Dayne St. Clair,ca CAN,GK,Inter Miami,29-101,1997,14,14,1260,14.0,0,0,0,0,0,0,3,0,0.00,0.00,0.00,0.00,0.00,Matches,3f41d25f
694,Lazar Stefanovic,ca CAN,DF,Toronto FC,20-008,2006,6,1,198,2.2,0,0,0,0,0,0,1,0,0.00,0.00,0.00,0.00,0.00,Matches,681fad6a
695,Zack Steffen,us USA,GK,Colorado Rapids,31-138,1995,9,9,810,9.0,0,0,0,0,0,0,0,0,0.00,0.00,0.00,0.00,0.00,Matches,42130443
696,Kimani Stewart-Baynes,ca CAN,FW,Colorado Rapids,21-213,2005,1,0,10,0.1,0,0,0,0,0,0,0,0,0.00,0.00,0.00,0.00,0.00,Matches,7b84fa86
697,Noah Streit,ch SUI,FW,CF Montréal,20-311,2005,15,7,700,7.8,0,0,0,0,0,0,0,0,0.00,0.00,0.00,0.00,0.00,Matches,70ece0eb
698,Jared Stroud,us USA,MF,D.C. United,30-039,1996,13,4,427,4.7,1,0,1,1,0,0,3,0,0.21,0.00,0.21,0.21,0.21,Matches,5d018899
699,Peter Stroud,us USA,MF,Minnesota Utd,24-117,2002,1,0,23,0.3,0,0,0,0,0,0,0,0,0.00,0.00,0.00,0.00,0.00,Matches,16000870
700,Brad Stuver,us USA,GK,Austin FC,35-124,1991,19,19,1710,19.0,0,0,0,0,0,0,1,0,0.00,0.00,0.00,0.00,0.00,Matches,6a1940d5
701,Ignacio Suarez,us USA,MF,Atlanta Utd,17-137,2009,1,0,2,0.0,0,0,0,0,0,0,0,0,0.00,0.00,0.00,0.00,0.00,Matches,1462b9f0
702,Luis Suárez,uy URU,FW,Inter Miami,39-206,1987,15,11,974,10.8,10,2,12,8,2,2,1,0,0.92,0.18,1.11,0.74,0.92,Matches,a6154613
703,Magomed-Shapi Suleymanov,ru RUS,MFFW,Sporting KC,26-245,1999,16,10,821,9.1,1,1,2,1,0,0,2,0,0.11,0.11,0.22,0.11,0.22,Matches,d94653be
704,Cavan Sullivan,us USA,MF,Philadelphia,16-324,2009,17,10,891,9.9,1,3,4,1,0,0,1,0,0.10,0.30,0.40,0.10,0.40,Matches,0ddabe9e
705,Quinn Sullivan,us USA,FWMF,Philadelphia,22-144,2004,4,0,100,1.1,0,1,1,0,0,0,0,0,0.00,0.90,0.90,0.00,0.90,Matches,92f62cfe
706,Finn Sundstrom,us USA,DF,Philadelphia,19-272,2006,2,1,53,0.6,0,0,0,0,0,0,0,0,0.00,0.00,0.00,0.00,0.00,Matches,3b9e2775
707,Finn Surman,nz NZL,DF,Portland Timbers,22-329,2003,19,19,1665,18.5,1,1,2,1,0,0,1,0,0.05,0.05,0.11,0.05,0.11,Matches,016e419b
708,Sam Surridge,eng ENG,FW,Nashville SC,28-021,1998,13,9,908,10.1,12,0,12,9,3,3,2,0,1.19,0.00,1.19,0.89,0.89,Matches,b017b770
709,Oleksandr Svatok,ua UKR,DF,Austin FC,31-325,1994,17,17,1487,16.5,0,0,0,0,0,0,2,0,0.00,0.00,0.00,0.00,0.00,Matches,b70be510
710,Erik Sviatchenko,dk DEN,DF,Houston,34-318,1991,10,7,619,6.9,1,0,1,1,0,0,4,1,0.15,0.00,0.15,0.15,0.15,Matches,9614b550
711,Caleb Swann,us USA,MF,FC Dallas,19-195,2007,2,0,8,0.1,0,0,0,0,0,0,0,0,0.00,0.00,0.00,0.00,0.00,Matches,bd37a379
712,Hennadii Synchuk,ua UKR,FWMF,CF Montréal,20-039,2006,13,9,806,9.0,1,0,1,1,0,0,2,0,0.11,0.00,0.11,0.11,0.11,Matches,8220e6eb
713,Osvald Søe,dk DEN,DF,San Diego FC,20-286,2005,6,5,417,4.6,0,0,0,0,0,0,1,0,0.00,0.00,0.00,0.00,0.00,Matches,715a11e7
714,Nkosi Tafari,us USA,DF,LAFC,29-148,1997,17,15,1403,15.6,0,1,1,0,0,0,2,0,0.00,0.06,0.06,0.00,0.06,Matches,4a07ae31
715,Zakaria Taifi,us USA,DFMF,Orlando City,20-321,2005,12,3,364,4.0,0,2,2,0,0,0,0,0,0.00,0.49,0.49,0.00,0.49,Matches,0896e23e
716,Yohei Takaoka,jp JPN,GK,Vancouver,30-155,1996,17,17,1503,16.7,0,1,1,0,0,0,0,1,0.00,0.06,0.06,0.00,0.06,Matches,52be0b7d
717,Strahinja Tanasijević,rs SRB,DF,NYCFC,29-067,1997,3,1,83,0.9,0,0,0,0,0,0,0,0,0.00,0.00,0.00,0.00,0.00,Matches,618ab91f
718,D.J. Taylor,us USA,DF,Minnesota Utd,28-357,1997,4,1,116,1.3,0,0,0,0,0,0,1,0,0.00,0.00,0.00,0.00,0.00,Matches,ed4dc7f4
719,Robert Taylor,fi FIN,FWMF,Austin FC,31-301,1994,2,0,55,0.6,0,1,1,0,0,0,0,0,0.00,1.64,1.64,0.00,1.64,Matches,1fc0973f
720,Robert Taylor,fi FIN,MFFW,LA Galaxy,31-301,1994,5,3,247,2.7,0,0,0,0,0,0,0,0,0.00,0.00,0.00,0.00,0.00,Matches,1fc0973f
721,Jude Terry,us USA,MF,LAFC,17-314,2008,8,2,212,2.4,1,0,1,1,0,0,0,0,0.42,0.00,0.42,0.42,0.42,Matches,058203db
722,Cedric Teuchert,de GER,FWMF,St. Louis City,29-216,1997,10,4,300,3.3,0,1,1,0,0,0,0,0,0.00,0.30,0.30,0.00,0.30,Matches,f956479d
723,Jamal Thiaré,sn SEN,FW,Columbus Crew,33-140,1993,12,3,378,4.2,1,0,1,1,0,0,2,0,0.24,0.00,0.24,0.24,0.24,Matches,ecca2f67
724,Andrew Thomas,ru RUS,GK,Seattle Sounders,27-351,1998,18,18,1620,18.0,0,0,0,0,0,0,0,0,0.00,0.00,0.00,0.00,0.00,Matches,1425ee30
725,Erik Thommy,de GER,MFFW,LA Galaxy,31-363,1994,10,6,446,5.0,1,0,1,1,0,0,1,0,0.20,0.00,0.20,0.20,0.20,Matches,df8e7b62
726,Kosi Thompson,ca CAN,DF,Toronto FC,23-203,2003,2,2,135,1.5,0,0,0,0,0,0,0,0,0.00,0.00,0.00,0.00,0.00,Matches,517bef8b
727,Kosi Thompson,ca CAN,DFMF,Colorado Rapids,23-203,2003,10,8,691,7.7,2,0,2,2,0,0,3,0,0.26,0.00,0.26,0.26,0.26,Matches,517bef8b
728,Tiago,br BRA,MFFW,Orlando City,21-132,2005,16,11,739,8.2,1,1,2,1,0,0,4,0,0.12,0.12,0.24,0.12,0.24,Matches,77ee5b27
729,Cheikh Tidiane Sabaly,sn SEN,MF,Vancouver,27-167,1999,14,9,634,7.0,2,1,3,2,0,0,1,0,0.28,0.14,0.43,0.28,0.43,Matches,9ddf7fae
730,Sékou Tidiany Bangoura,gn GUI,MF,Columbus Crew,24-135,2002,16,6,607,6.7,1,0,1,1,0,0,3,0,0.15,0.00,0.15,0.15,0.15,Matches,62045652
731,Timothy Tillman,us USA,MF,LAFC,27-226,1999,17,13,1099,12.2,1,2,3,1,0,0,3,0,0.08,0.16,0.25,0.08,0.25,Matches,a5bea1fb
732,Harry Toffolo,eng ENG,DF,Charlotte,30-364,1995,13,13,1013,11.3,0,2,2,0,0,0,2,0,0.00,0.18,0.18,0.00,0.18,Matches,a105d46a
733,Cayman Togashi,jp JPN,FW,Atlanta Utd,33-008,1993,7,1,105,1.2,0,0,0,0,0,0,0,0,0.00,0.00,0.00,0.00,0.00,Matches,81273f6d
734,Nouhou Tolo,cm CMR,DF,Seattle Sounders,29-056,1997,18,18,1591,17.7,0,1,1,0,0,0,2,0,0.00,0.06,0.06,0.00,0.06,Matches,0796512f
735,Ervin Torres,us USA,FW,Austin FC,18-277,2007,6,1,171,1.9,1,2,3,1,0,0,1,0,0.53,1.05,1.58,0.53,1.58,Matches,a6e64806
736,Facundo Torres,uy URU,MFFW,Austin FC,26-127,2000,19,18,1515,16.8,1,5,6,1,0,0,3,0,0.06,0.30,0.36,0.06,0.36,Matches,4de3b2c0
737,Tomas Totland,no NOR,MF,St. Louis City,26-324,1999,15,10,963,10.7,1,3,4,1,0,0,2,0,0.09,0.28,0.37,0.09,0.37,Matches,8bb174fc
738,Bénie Traoré,ci CIV,FW,NYCFC,23-261,2002,4,3,200,2.2,1,0,1,0,1,1,0,0,0.45,0.00,0.45,0.00,0.00,Matches,77816c91
739,Wil Trapp,us USA,MF,Minnesota Utd,33-215,1993,18,12,1135,12.6,0,1,1,0,0,0,2,0,0.00,0.08,0.08,0.00,0.08,Matches,9bf9391c
740,Jackson Travis,us USA,DF,Colorado Rapids,22-176,2004,13,11,799,8.9,0,1,1,0,0,0,2,1,0.00,0.11,0.11,0.00,0.11,Matches,08b318c0
741,Kai Trewin,au AUS,MFDF,NYCFC,25-092,2001,15,14,1254,13.9,0,0,0,0,0,0,3,0,0.00,0.00,0.00,0.00,0.00,Matches,1ab3d134
742,Nectarios Triantis,gr GRE,MF,Minnesota Utd,23-099,2003,15,14,1159,12.9,1,1,2,1,0,0,2,0,0.08,0.08,0.16,0.08,0.16,Matches,73d58203
743,Niko Tsakiris,us USA,MF,SJ Earthquakes,21-060,2005,12,11,952,10.6,2,4,6,1,1,1,2,0,0.19,0.38,0.57,0.09,0.47,Matches,cb501677
744,Cielo Tschantret,us USA,MF,Sporting KC,20-177,2006,1,1,50,0.6,0,0,0,0,0,0,0,0,0.00,0.00,0.00,0.00,0.00,Matches,21a9a2b5
745,Yutaro Tsukada,jp JPN,FW,Orlando City,25-021,2001,2,0,24,0.3,0,0,0,0,0,0,0,0,0.00,0.00,0.00,0.00,0.00,Matches,56d6715c
746,Dor Turgeman,il ISR,FW,NE Revolution,22-298,2003,19,19,1544,17.2,4,4,8,4,0,0,1,0,0.23,0.23,0.47,0.23,0.47,Matches,d9d3eb6c
747,Gavin Turner,us USA,MF,D.C. United,19-225,2007,3,0,46,0.5,0,0,0,0,0,0,0,0,0.00,0.00,0.00,0.00,0.00,Matches,d86edf5a
748,Matt Turner,us USA,GK,NE Revolution,32-055,1994,19,19,1710,19.0,0,0,0,0,0,0,1,0,0.00,0.00,0.00,0.00,0.00,Matches,4a51ba65
749,Jeppe Tverskov,dk DEN,MF,San Diego FC,33-159,1993,14,12,1133,12.6,0,1,1,0,0,0,1,0,0.00,0.08,0.08,0.00,0.08,Matches,898b9fd1
750,Osaze Urhoghide,nl NED,DF,FC Dallas,26-045,2000,16,16,1439,16.0,1,1,2,1,0,0,5,0,0.06,0.06,0.13,0.06,0.13,Matches,1124ac8a
751,Myrto Uzuni,al ALB,FW,Austin FC,31-079,1995,17,17,1489,16.5,6,0,6,5,1,1,5,0,0.36,0.00,0.36,0.30,0.30,Matches,01da7812
752,Onni Valakari,fi FIN,MF,San Diego FC,27-000,1999,19,18,1532,17.0,3,3,6,2,1,1,1,0,0.18,0.18,0.35,0.12,0.29,Matches,8ed8c801
753,Omar Valencia,pa PAN,DF,RB New York,22-071,2004,11,1,336,3.7,0,0,0,0,0,0,5,0,0.00,0.00,0.00,0.00,0.00,Matches,790c93ea
754,Gerardo Valenzuela,us USA,MF,FC Cincinnati,21-324,2004,15,11,952,10.6,1,2,3,1,0,0,2,2,0.09,0.19,0.28,0.09,0.28,Matches,ca07c1c5
755,Joaquín Valiente,uy URU,MFFW,FC Dallas,25-127,2001,17,12,1075,11.9,0,4,4,0,0,0,1,0,0.00,0.33,0.33,0.00,0.33,Matches,f3156a5b
756,Kerwin Vargas,co COL,MF,Charlotte,24-228,2002,17,12,993,11.0,3,4,7,3,0,0,0,0,0.27,0.36,0.63,0.27,0.63,Matches,758de7b4
757,Indiana Vassilev,us USA,MF,Philadelphia,25-183,2001,18,16,1211,13.5,2,0,2,1,1,1,1,0,0.15,0.00,0.15,0.07,0.07,Matches,04e195ee
758,Brandon Vazquez,us USA,FW,Austin FC,27-308,1998,8,3,337,3.7,0,0,0,0,0,0,0,0,0.00,0.00,0.00,0.00,0.00,Matches,c570cf22
759,David Vazquez,us USA,MFFW,San Diego FC,20-177,2006,16,10,817,9.1,3,0,3,3,0,0,3,0,0.33,0.00,0.33,0.33,0.33,Matches,60419133
760,Kristoffer Velde,no NOR,MFFW,Portland Timbers,26-343,1999,18,17,1530,17.0,4,4,8,4,0,1,3,0,0.24,0.24,0.47,0.24,0.47,Matches,c5c1627c
761,Brayan Vera,co COL,DF,CF Montréal,27-215,1999,17,17,1457,16.2,1,0,1,1,0,0,4,1,0.06,0.00,0.06,0.06,0.06,Matches,80c718dd
762,Oscar Verhoeven,us USA,DF,San Diego FC,20-079,2006,17,12,1180,13.1,0,0,0,0,0,0,3,0,0.00,0.00,0.00,0.00,0.00,Matches,8409bad1
763,Ranko Veselinović,rs SRB,DF,Vancouver,27-147,1999,4,1,38,0.4,0,0,0,0,0,0,0,0,0.00,0.00,0.00,0.00,0.00,Matches,366609b6
764,Ronaldo Vieira,gw GNB,MF,SJ Earthquakes,28-030,1998,16,15,1274,14.2,0,0,0,0,0,0,4,0,0.00,0.00,0.00,0.00,0.00,Matches,75e60d75
765,Jules-Anthony Vilsaint,ca CAN,MF,Toronto FC,23-224,2003,4,1,118,1.3,0,0,0,0,0,0,0,0,0.00,0.00,0.00,0.00,0.00,Matches,6ef6e9ce
766,Sam Vines,us USA,DF,Houston,27-079,1999,3,1,83,0.9,0,0,0,0,0,0,0,0,0.00,0.00,0.00,0.00,0.00,Matches,2d6e535f
767,Robert Voloder,ba BIH,DF,RB New York,25-101,2001,8,8,709,7.9,0,0,0,0,0,0,2,0,0.00,0.00,0.00,0.00,0.00,Matches,33d9d789
768,Kai Wagner,de GER,DF,Philadelphia,29-184,1997,4,4,360,4.0,0,3,3,0,0,0,1,0,0.00,0.75,0.75,0.00,0.75,Matches,fdc715d9
769,Conrad Wallem,no NOR,MF,St. Louis City,26-070,2000,16,16,1363,15.1,0,1,1,0,0,0,4,1,0.00,0.07,0.07,0.00,0.07,Matches,443a4bb2
770,Joel Waterman,ca CAN,DFMF,Chicago Fire,30-206,1996,13,9,917,10.2,1,0,1,1,0,0,4,0,0.10,0.00,0.10,0.10,0.10,Matches,47ddcc22
771,Timo Werner,de GER,MFFW,SJ Earthquakes,30-165,1996,11,8,799,8.9,5,4,9,3,2,3,2,0,0.56,0.45,1.01,0.34,0.79,Matches,49fe9070
772,Francis Westfield,us USA,DF,Philadelphia,20-252,2005,15,15,1250,13.9,0,4,4,0,0,0,1,0,0.00,0.29,0.29,0.00,0.29,Matches,4cafc4bb
773,Ashley Westwood,eng ENG,MF,Charlotte,36-139,1990,18,17,1563,17.4,2,1,3,2,0,0,7,0,0.12,0.06,0.17,0.12,0.17,Matches,495945ef
774,Brian White,us USA,FW,Vancouver,30-196,1996,17,17,1445,16.1,10,2,12,9,1,1,2,0,0.62,0.12,0.75,0.56,0.69,Matches,54c948de
775,Loïc Williams,es ESP,DF,Colorado Rapids,24-223,2002,4,4,360,4.0,1,0,1,1,0,0,1,0,0.25,0.00,0.25,0.25,0.25,Matches,302a237e
776,Henry Wingo,us USA,DFMF,Toronto FC,30-318,1995,1,0,13,0.1,0,0,0,0,0,0,0,0,0.00,0.00,0.00,0.00,0.00,Matches,0362c29e
777,Maxwell Woledzi,gh GHA,DF,Nashville SC,25-047,2001,19,18,1632,18.1,1,0,1,1,0,0,0,0,0.06,0.00,0.06,0.06,0.06,Matches,2b8798a6
778,Hannes Wolf,at AUT,MFFW,NYCFC,27-124,1999,17,12,1088,12.1,5,2,7,5,0,0,2,0,0.41,0.17,0.58,0.41,0.58,Matches,be42a291
779,Owen Wolff,us USA,MF,Austin FC,21-231,2004,8,4,378,4.2,0,0,0,0,0,0,0,0,0.00,0.00,0.00,0.00,0.00,Matches,9edc70d6
780,Elijah Wynder,us USA,MF,LA Galaxy,23-161,2003,19,12,1055,11.7,0,0,0,0,0,0,2,0,0.00,0.00,0.00,0.00,0.00,Matches,53171f69
781,Miki Yamane,jp JPN,DF,LA Galaxy,32-239,1993,16,12,968,10.8,0,1,1,0,0,0,1,0,0.00,0.09,0.09,0.00,0.09,Matches,b712e02d
782,Darren Yapi,us USA,FWMF,Colorado Rapids,21-272,2004,19,10,909,10.1,3,2,5,3,0,0,3,0,0.30,0.20,0.50,0.30,0.50,Matches,63abd734
783,Patrick Yazbek,au AUS,MF,Nashville SC,24-135,2002,10,7,657,7.3,1,3,4,1,0,0,0,0,0.14,0.41,0.55,0.14,0.55,Matches,1e745ee1
784,Kelvin Yeboah,it ITA,FW,Minnesota Utd,26-104,2000,18,16,1369,15.2,8,0,8,7,1,2,2,0,0.53,0.00,0.53,0.46,0.46,Matches,ea0893d6
785,DeAndre Yedlin,us USA,DF,Real Salt Lake,33-040,1993,12,11,906,10.1,0,1,1,0,0,0,5,0,0.00,0.10,0.10,0.00,0.10,Matches,ae0a7ddf
786,Maya Yoshida,jp JPN,DF,LA Galaxy,37-359,1988,15,9,792,8.8,1,0,1,1,0,0,0,0,0.11,0.00,0.11,0.11,0.11,Matches,caffaf5a
787,Griffin Yow,us USA,MFFW,NE Revolution,23-327,2002,18,9,811,9.0,1,0,1,1,0,0,3,0,0.11,0.00,0.11,0.11,0.11,Matches,ddd5cf39
788,Jackson Yueill,us USA,MF,NE Revolution,29-152,1997,10,1,176,2.0,0,0,0,0,0,0,0,0,0.00,0.00,0.00,0.00,0.00,Matches,7dce16bf
789,Alhassan Yusuf,ng NGA,MF,NE Revolution,26-031,2000,19,16,1470,16.3,2,2,4,2,0,0,2,0,0.12,0.12,0.24,0.12,0.24,Matches,0de73fa4
790,Wilfried Zaha,ci CIV,MFFW,Charlotte,33-281,1992,13,13,1161,12.9,3,1,4,3,0,0,7,0,0.23,0.08,0.31,0.23,0.31,Matches,b2bc3b1f
791,Bryan Zamblé,ci CIV,FW,San Diego FC,18-180,2008,8,1,138,1.5,2,0,2,2,0,0,0,0,1.30,0.00,1.30,1.30,1.30,Matches,6f219f20
792,Marcos Zambrano,us USA,FW,NE Revolution,21-210,2005,7,3,241,2.7,0,1,1,0,0,0,0,0,0.00,0.37,0.37,0.00,0.37,Matches,520bc5f6
793,Sean Zawadzki,us USA,DFMF,Columbus Crew,26-119,2000,19,19,1710,19.0,0,0,0,0,0,0,3,0,0.00,0.00,0.00,0.00,0.00,Matches,380ee265
794,Walker Zimmerman,us USA,DF,Toronto FC,33-091,1993,16,15,1272,14.1,1,0,1,1,0,0,4,0,0.07,0.00,0.07,0.07,0.07,Matches,220fa883
795,Philip Zinckernagel,dk DEN,MF,Chicago Fire,31-245,1994,18,18,1438,16.0,5,7,12,4,1,2,4,0,0.31,0.44,0.75,0.25,0.69,Matches,a5ea254c
796,Mateja Đorđević,rs SRB,DF,Austin FC,23-213,2003,6,2,272,3.0,0,0,0,0,0,0,1,0,0.00,0.00,0.00,0.00,0.00,Matches,0cbe2ba8